Date,Ticker,Type,Quantity,Price per share,Total Amount,Currency,FX Rate
2019-11-10T21:10:40.342104Z,,CASH TOP-UP,,,USD 32,USD,1.1081
2019-11-11T17:22:25.940385Z,BYND,BUY - MARKET,0.41862899,USD 76.44,USD 32,USD,1.1037
2019-12-13T10:25:40.983156Z,,CASH TOP-UP,,,USD 24.52,USD,1.1181
2019-12-13T14:34:55.857342Z,DBX,BUY - MARKET,1.46039309,USD 16.79,USD 24.52,USD,1.1162
2020-01-03T15:54:28.537904Z,,CASH TOP-UP,,,USD 35.80,USD,1.1167
2020-01-03T15:57:01.282754Z,PFE,BUY - MARKET,0.86956521,USD 39.10,USD 34,USD,1.1169
2020-01-16T07:55:26.377127Z,,CASH TOP-UP,,,USD 32,USD,1.1150
2020-01-16T14:49:36.303250Z,SPCE,BUY - MARKET,2.19908913,USD 15.37,USD 33.80,USD,1.1150
2020-01-29T14:38:33.662300Z,,CASH TOP-UP,,,USD 34,USD,1.0997
2020-01-29T14:39:18.516801Z,MSFT,BUY - MARKET,0.20328849,USD 167.25,USD 34,USD,1.0998
2020-02-03T16:06:56.060680Z,BYND,SELL - MARKET,0.41862899,USD 104.15,USD 43.59,USD,1.1058
2020-02-03T17:28:05.936523Z,NEE,BUY - MARKET,0.16316676,USD 267.15,USD 43.59,USD,1.1064
2020-02-05T16:50:04.266423Z,,CASH TOP-UP,,,USD 35,USD,1.1005
2020-02-05T16:51:09.730446Z,AMC,BUY - MARKET,4.88472622,USD 6.94,USD 35,USD,1.1006
2020-02-05T20:49:18.358520Z,,CASH TOP-UP,,,USD 35,USD,1.1000
2020-02-05T20:50:20.163883Z,PARAA,BUY - MARKET,0.87687532,USD 38.66,USD 34.99,USD,1.1000
2020-02-13T14:36:06.058478Z,,CASH TOP-UP,,,USD 40,USD,1.0859
2020-02-13T14:37:15.162819Z,PLUG,BUY - MARKET,8.97004608,USD 4.34,USD 40.01,USD,1.0860
2020-02-18T14:43:55.509336Z,SPCE,SELL - MARKET,1.19908913,USD 32.35,USD 37.71,USD,1.0802
2020-02-19T14:39:09.280569Z,PLUG,SELL - MARKET,1.3,USD 5.07,USD 5.51,USD,1.0793
2020-02-19T20:25:35.510342Z,,CASH TOP-UP,,,USD 35,USD,1.0808
2020-02-19T20:28:18.275772Z,SONY,BUY - MARKET,1.14997018,USD 67.08,USD 78.22,USD,1.0807
2020-02-21T14:47:48.835626Z,PLUG,SELL - MARKET,7.67004608,USD 5.44,USD 40.64,USD,1.0836
2020-02-21T18:22:28.297099Z,DBX,SELL - MARKET,1.46039309,USD 22.67,USD 32.02,USD,1.0862
2020-02-21T18:23:19.337614Z,SPCE,SELL - MARKET,1,USD 34.80,USD 33.71,USD,1.0862
2020-02-21T18:34:08.557042Z,PARAA,BUY - MARKET,1.5,USD 33.07,USD 50.69,USD,1.0859
2020-02-24T14:56:13.940804Z,,CASH TOP-UP,,,USD 55,USD,1.0850
2020-02-24T14:57:38.916307Z,MSFT,BUY - MARKET,0.63199169,USD 173.42,USD 110.68,USD,1.0849
2020-03-10T19:30:03.164247Z,PFE,DIVIDEND,,,USD 0.28,USD,1.1299
2020-03-11T16:15:36.664107Z,,CASH TOP-UP,,,USD 113,USD,1.1263
2020-03-11T16:16:23.100980Z,TSLA,BUY - MARKET,0.17576415,USD 644.50,USD 113.28,USD,1.1266
2020-03-16T05:29:07.530260Z,MSFT,DIVIDEND,,,USD 0.08,USD,1.1124
2020-03-17T04:40:39.926856Z,NEE,DIVIDEND,,,USD 0.20,USD,1.1184
2020-03-19T19:42:48.674086Z,,CASH TOP-UP,,,USD 107,USD,1.0675
2020-03-19T19:44:16.577211Z,AAPL,BUY - MARKET,0.42977325,USD 249.62,USD 107.28,USD,1.0678
2020-03-24T06:10:40.313625Z,AMC,DIVIDEND,,,USD 0.13,USD,1.0783
2020-03-25T09:55:17.881599Z,,CASH TOP-UP,,,USD 108.50,USD,1.0844
2020-03-25T17:33:36.702019Z,SPCE,BUY - MARKET,6.28282244,USD 17.29,USD 108.63,USD,1.0865
2020-03-31T23:10:53.286499Z,,CUSTODY FEE,,,USD -0.01,USD,1.1029
2020-04-02T05:34:57.625201Z,VIACA,DIVIDEND,,,USD 0.48,USD,1.0950
2020-04-06T13:48:15.644669Z,,CASH TOP-UP,,,USD 108,USD,1.0797
2020-04-06T14:15:47.778742Z,SPCE,BUY - MARKET,7.5,USD 13.62,USD 102.15,USD,1.0810
2020-04-07T11:47:32.311472Z,,CASH TOP-UP,,,USD 108.80,USD,1.0872
2020-04-07T13:35:37.921675Z,PLUG,BUY - MARKET,14.28571428,USD 3.85,USD 55,USD,1.0908
2020-04-07T13:40:59.045017Z,CRM,BUY - MARKET,0.38114343,USD 149.55,USD 58.09,USD,1.0908
2020-04-14T19:49:59.416765Z,,CASH TOP-UP,,,USD 55,USD,1.0985
2020-04-14T19:51:26.256792Z,PARAA,BUY - MARKET,2.96763925,USD 18.85,USD 57.03,USD,1.0984
2020-04-15T16:11:48.127759Z,,CASH TOP-UP,,,USD 110,USD,1.0910
2020-04-15T16:14:21.906598Z,IGMS,BUY - MARKET,1.93404634,USD 56.10,USD 109.59,USD,1.0910
2020-04-16T13:32:33.470681Z,TSLA,SELL - MARKET,0.17576415,USD 716.02,USD 124.76,USD,1.0885
2020-04-16T13:41:54.393404Z,SPCE,SELL - MARKET,13.78282244,USD 20.10,USD 275.94,USD,1.0880
2020-04-16T14:02:53.909973Z,IGMS,BUY - MARKET,3.5,USD 57.50,USD 202.33,USD,1.0887
2020-04-20T14:21:35.633346Z,GILD,BUY - MARKET,2.23,USD 84.56,USD 189.65,USD,1.0872
2020-04-30T23:15:34.339374Z,,CUSTODY FEE,,,USD -0.01,USD,1.0946
2020-05-04T13:33:19.136154Z,,CASH TOP-UP,,,USD 109.30,USD,1.0927
2020-05-04T13:50:48.775896Z,SPCE,BUY - MARKET,6.5,USD 16.41,USD 106.67,USD,1.0932
2020-05-06T18:24:39.332443Z,PLUG,SELL - MARKET,14.28571428,USD 4.24,USD 60.56,USD,1.0810
2020-05-06T18:24:39.511700Z,CRM,SELL - MARKET,0.38114343,USD 164.95,USD 62.86,USD,1.0810
2020-05-06T18:25:52.602548Z,SPCE,SELL - MARKET,6.5,USD 18.69,USD 120.40,USD,1.0811
2020-05-06T18:26:28.886224Z,AAPL,SELL - MARKET,0.42977325,USD 302.28,USD 128.82,USD,1.0811
2020-05-08T18:43:02.509105Z,SPCE,BUY - MARKET,6,USD 19.55,USD 118.38,USD,1.0845
2020-05-11T19:05:59.046756Z,IGMS,SELL - MARKET,5.43404634,USD 63.58,USD 344.40,USD,1.0812
2020-05-11T19:08:21.404340Z,NEE,BUY - MARKET,0.87627059,USD 228.24,USD 201.08,USD,1.0813
2020-05-13T17:17:22.065076Z,SPCE,BUY - MARKET,5.88581518,USD 16.99,USD 101.08,USD,1.0819
2020-05-13T17:18:56.236953Z,BYND,BUY - MARKET,1,USD 131.80,USD 132.88,USD,1.0820
2020-05-14T16:05:54.033264Z,MSFT,BUY - MARKET,0.98725573,USD 176.55,USD 175.37,USD,1.0796
2020-05-18T15:37:58.627140Z,,CASH TOP-UP,,,USD 109,USD,1.0878
2020-05-18T15:55:51.819542Z,SPCE,BUY - MARKET,6.35,USD 16.09,USD 103.25,USD,1.0902
2020-05-28T13:23:00.749347Z,,CASH TOP-UP,,,USD 190,USD,1.1038
2020-05-28T18:42:51.446838Z,SPCE,BUY - MARKET,5.68862275,USD 16.70,USD 95,USD,1.1088
2020-05-28T19:46:10.304750Z,BYND,BUY - MARKET,0.78,USD 121.65,USD 94.89,USD,1.1072
2020-05-31T23:31:13.399782Z,,CUSTODY FEE,,,USD -0.01,USD,1.1119
2020-06-08T04:29:56.502247Z,PFE,DIVIDEND,,,USD 0.28,USD,1.1292
2020-06-08T14:39:00.917200Z,BYND,SELL - MARKET,1.78,USD 143.61,USD 255.61,USD,1.1300
2020-06-08T14:39:27.255525Z,PARAA,SELL - MARKET,5.34451457,USD 29.44,USD 156.21,USD,1.1300
2020-06-10T18:35:32.614395Z,BA,BUY - MARKET,0.47842311,USD 209.02,USD 101.14,USD,1.1416
2020-06-10T18:37:58.880181Z,SPCE,BUY - MARKET,6.13496932,USD 16.30,USD 101.14,USD,1.1420
2020-06-10T18:39:50.341289Z,NVDA,BUY - MARKET,0.56483691,USD 377.10,USD 214.13,USD,1.1402
2020-06-12T06:03:07.298831Z,MSFT,DIVIDEND,,,USD 0.79,USD,1.1314
2020-06-15T18:46:29.761979Z,,CASH TOP-UP,,,USD 132,USD,1.1320
2020-06-15T18:55:23.566606Z,MGI,BUY - MARKET,40,USD 3.14,USD 126.71,USD,1.1314
2020-06-16T06:21:18.698820Z,NEE,DIVIDEND,,,USD 1.24,USD,1.1336
2020-06-24T05:33:08.839248Z,SNE,DIVIDEND,,,USD 0.23,USD,1.1320
2020-06-30T05:47:51.782266Z,GILD,DIVIDEND,,,USD 1.29,USD,1.1230
2020-06-30T23:35:30.578060Z,,CUSTODY FEE,,,USD -0.02,USD,1.1236
2020-07-06T13:51:47.541043Z,NEE,SELL - MARKET,0.40296582,USD 248.16,USD 99.99,USD,1.1347
2020-07-06T13:52:28.580653Z,,CASH TOP-UP,,,USD 22,USD,1.1345
2020-07-06T13:53:00.601522Z,AAL,BUY - MARKET,9.50155763,USD 12.84,USD 122,USD,1.1344
2020-07-15T17:35:34.688590Z,,CASH TOP-UP,,,USD 115,USD,1.1409
2020-07-15T17:35:59.697384Z,PFE,BUY - MARKET,3.50335382,USD 35.78,USD 125.35,USD,1.1411
2020-07-17T14:32:38.678738Z,NEE,SELL - MARKET,0.63647153,USD 272.72,USD 172.43,USD,1.1437
2020-07-20T13:36:36.688277Z,MU,BUY - MARKET,3.25,USD 49.66,USD 162.54,USD,1.1427
2020-07-24T13:59:35.466448Z,,CASH TOP-UP,,,USD 200,USD,1.1615
2020-07-24T14:00:13.961847Z,INTC,BUY - MARKET,4.17316536,USD 50.01,USD 209.86,USD,1.1618
2020-07-28T19:51:49.287146Z,SPCE,SELL - MARKET,30.05940725,USD 23.82,USD 716,USD,1.1720
2020-07-30T14:05:51.081651Z,MGI,SELL - MARKET,40,USD 3.72,USD 148.79,USD,1.1789
2020-07-31T17:35:58.313741Z,GILD,BUY - MARKET,2,USD 69.18,USD 138.36,USD,1.1797
2020-07-31T23:13:28.437783Z,,CUSTODY FEE,,,USD -0.01,USD,1.1837
2020-08-03T17:38:34.699892Z,JD,BUY - MARKET,2,USD 64.23,USD 129.63,USD,1.1757
2020-08-03T17:51:48.365067Z,FSLY,BUY - MARKET,1,USD 108.76,USD 109.93,USD,1.1757
2020-08-03T17:53:33.920869Z,MRNA,BUY - MARKET,1,USD 77.14,USD 78.31,USD,1.1757
2020-08-03T17:54:19.346102Z,NKLAQ,BUY - MARKET,3,USD 33.33,USD 101.16,USD,1.1757
2020-08-03T19:22:51.789064Z,BA,BUY - MARKET,0.52157689,USD 162.45,USD 85.90,USD,1.1767
2020-08-04T14:38:59.844448Z,NKLAQ,SELL - MARKET,3,USD 39.15,USD 116.27,USD,1.1749
2020-08-06T13:32:50.085828Z,FSLY,BUY - MARKET,1,USD 92,USD 93.18,USD,1.1846
2020-08-07T13:43:39.661829Z,SONY,SELL - MARKET,1.14997018,USD 80.47,USD 91.36,USD,1.1773
2020-08-07T13:47:26.592764Z,PFE,SELL - MARKET,4.37291903,USD 38.23,USD 166,USD,1.1774
2020-08-07T13:53:05.515473Z,ADBE,BUY - MARKET,0.5,USD 459.76,USD 231.05,USD,1.1768
2020-08-07T14:14:55.530395Z,IGMS,BUY - MARKET,2,USD 53.60,USD 108.37,USD,1.1767
2020-08-07T14:40:57.922062Z,NKLAQ,BUY - MARKET,4,USD 36.73,USD 148.09,USD,1.1778
2020-08-10T13:39:50.713498Z,NKLAQ,SELL - MARKET,4,USD 43.12,USD 171.30,USD,1.1773
2020-08-10T13:43:14.005340Z,BIDU,BUY - MARKET,1.3,USD 127.15,USD 166.47,USD,1.1772
2020-08-13T14:12:44.758816Z,,CASH TOP-UP,,,USD 175.13,USD,1.1862
2020-08-24T18:00:19.105191Z,,CASH TOP-UP,,,USD 53,USD,1.1800
2020-08-24T18:48:43.444165Z,JD,SELL - MARKET,2,USD 76.07,USD 150.96,USD,1.1797
2020-08-24T18:51:30.084456Z,ADBE,SELL - MARKET,0.5,USD 473.70,USD 235.66,USD,1.1797
2020-08-24T18:56:21.499220Z,SPCE,BUY - MARKET,15,USD 17.45,USD 262.92,USD,1.1795
2020-08-28T14:05:50.980010Z,DBX,BUY - MARKET,5,USD 20.87,USD 104.35,USD,1.1884
2020-08-31T14:35:04.488767Z,TSLA,BUY - MARKET,0.5,USD 467.10,USD 233.55,USD,1.1952
2020-08-31T23:31:52.011299Z,,CUSTODY FEE,,,USD -0.02,USD,1.1940
2020-09-02T06:54:42.601367Z,PFE,DIVIDEND,,,USD 1.41,USD,1.1900
2020-09-02T06:55:25.507575Z,INTC,DIVIDEND,,,USD 1.17,USD,1.1902
2020-09-04T14:16:11.335398Z,NVDA,SELL - MARKET,0.56483691,USD 488.55,USD 275.93,USD,1.1793
2020-09-04T14:16:40.272340Z,MSFT,SELL - MARKET,1.8223591,USD 211.69,USD 384.59,USD,1.1794
2020-09-04T16:06:21.366621Z,TSLA,BUY - MARKET,0.5,USD 397.56,USD 199.96,USD,1.1819
2020-09-04T16:09:15.352898Z,SPCE,BUY - MARKET,7,USD 15.61,USD 110.45,USD,1.1820
2020-09-08T16:03:13.027217Z,SPCE,BUY - MARKET,20,USD 17.61,USD 353.37,USD,1.1792
2020-09-09T13:30:03.172545Z,BIDU,SELL - MARKET,1.3,USD 120.14,USD 155,USD,1.1822
2020-09-09T13:30:20.979152Z,MU,SELL - MARKET,3.25,USD 45.77,USD 147.57,USD,1.1822
2020-09-09T13:30:39.958059Z,AMC,SELL - MARKET,4.88472622,USD 6.41,USD 30.13,USD,1.1823
2020-09-09T13:36:42.863446Z,SPCE,BUY - MARKET,10,USD 18.53,USD 186.48,USD,1.1818
2020-09-09T13:56:07.841641Z,TSLA,BUY - MARKET,0.4,USD 359.85,USD 145.12,USD,1.1822
2020-09-11T07:35:49.011692Z,MSFT,DIVIDEND,,,USD 0.79,USD,1.1846
2020-09-17T16:59:56.360545Z,,CASH TOP-UP,,,USD 100,USD,1.1824
2020-09-17T17:00:20.844173Z,LMND,BUY - MARKET,2,USD 50.68,USD 102.54,USD,1.1824
2020-09-18T19:25:34.566807Z,IGMS,SELL - MARKET,2,USD 88.43,USD 175.67,USD,1.1849
2020-09-21T13:43:38.251063Z,TSLA,SELL - MARKET,1.4,USD 448.68,USD 626.96,USD,1.1763
2020-09-21T14:02:00.281194Z,MSFT,BUY - MARKET,0.99982319,USD 197.87,USD 199.01,USD,1.1757
2020-09-23T18:51:51.056995Z,SPCE,BUY - MARKET,7,USD 15.68,USD 110.92,USD,1.1670
2020-09-25T05:38:24.747168Z,NVDA,DIVIDEND,,,USD 0.08,USD,1.1674
2020-09-25T18:16:16.222874Z,,CASH TOP-UP,,,USD 20,USD,1.1630
2020-09-25T18:16:52.699183Z,NVDA,BUY - MARKET,1,USD 511.57,USD 511.57,USD,1.1631
2020-09-30T05:27:26.895651Z,GILD,DIVIDEND,,,USD 2.45,USD,1.1738
2020-09-30T23:34:56.330483Z,,CUSTODY FEE,,,USD -0.03,USD,1.1731
2020-10-06T16:27:05.272467Z,FSLY,SELL - MARKET,2,USD 102.59,USD 205.17,USD,1.1782
2020-10-06T18:49:14.638872Z,MSFT,BUY - MARKET,1,USD 208.92,USD 208.92,USD,1.1790
2020-10-13T13:51:45.538521Z,SPCE,SELL - MARKET,59,USD 20.31,USD 1197.08,USD,1.1756
2020-10-16T14:20:24.397936Z,NKLAQ,BUY - MARKET,10,USD 20.54,USD 206.57,USD,1.1734
2020-10-16T17:01:11.039193Z,SPCE,BUY - MARKET,21,USD 23.16,USD 487.53,USD,1.1722
2020-10-19T13:42:37.270589Z,NKLAQ,SELL - MARKET,10,USD 21.34,USD 212.22,USD,1.1784
2020-10-20T13:46:03.257034Z,GILD,BUY - MARKET,4.77,USD 60.31,USD 288.86,USD,1.1820
2020-10-27T14:18:00.812531Z,NVDA,SELL - MARKET,1,USD 530.11,USD 530.09,USD,1.1832
2020-10-27T14:18:16.914218Z,MSFT,SELL - MARKET,2,USD 211.23,USD 422.44,USD,1.1832
2020-10-27T14:18:30.919129Z,LMND,SELL - MARKET,2,USD 50.52,USD 101.03,USD,1.1833
2020-10-31T23:29:12.860032Z,,CUSTODY FEE,,,USD -0.01,USD,1.1764
2020-11-05T17:32:09.321758Z,SPCE,BUY - MARKET,13,USD 18.54,USD 242.19,USD,1.1797
2020-11-09T15:14:25.452454Z,PFE,BUY - MARKET,15,USD 38.79,USD 583.03,USD,1.1865
2020-11-09T15:35:24.384385Z,MSFT,BUY - MARKET,2,USD 226.11,USD 453.40,USD,1.1845
2020-11-09T15:37:15.741292Z,,CASH TOP-UP,,,USD 96.94,USD,1.1822
2020-11-09T15:37:48.994303Z,,CASH TOP-UP,,,USD 62,USD,1.1824
2020-11-09T15:39:08.695852Z,,CASH TOP-UP,,,USD 200,USD,1.1833
2020-11-09T15:39:11.470135Z,,CASH TOP-UP,,,USD 200,USD,1.1833
2020-11-09T15:39:25.198315Z,,CASH WITHDRAWAL,,,USD -200,USD,1.1832
2020-11-09T15:40:53.294088Z,,CASH TOP-UP,,,USD 30,USD,1.1832
2020-11-09T15:41:08.862932Z,NVDA,BUY - MARKET,1,USD 582.77,USD 583.95,USD,1.1832
2020-11-16T10:07:35.692381Z,,CASH TOP-UP,,,USD 166.80,USD,1.1839
2020-11-16T14:30:29.312638Z,INTC,BUY - MARKET,3.99913062,USD 46.01,USD 185.18,USD,1.1832
2020-11-19T14:30:14.332755Z,BA,SELL - MARKET,1,USD 200,USD 198.81,USD,1.1826
2020-11-25T19:26:08.604724Z,VTRS,BUY - MARKET,7.138815,USD 17.16,USD 122.50,USD,1.1916
2020-12-01T00:01:59.011254Z,,CUSTODY FEE,,,USD -0.03,USD,1.1938
2020-12-02T08:45:13.586713Z,INTC,DIVIDEND,,,USD 1.17,USD,1.2065
2020-12-04T15:17:29.402223Z,,CASH TOP-UP,,,USD 300,USD,1.2157
2020-12-04T15:20:14.354212Z,SPCE,BUY - MARKET,12,USD 28.64,USD 343.68,USD,1.2151
2020-12-11T06:59:15.377323Z,MSFT,DIVIDEND,,,USD 0.95,USD,1.2160
2020-12-14T14:51:28.951306Z,,CASH TOP-UP,,,USD 255,USD,1.2162
2020-12-14T14:52:05.480433Z,SPCE,BUY - MARKET,3,USD 27.49,USD 82.47,USD,1.2163
2020-12-23T17:18:31.751675Z,SPCE,BUY - MARKET,8,USD 26.81,USD 215.69,USD,1.2194
2020-12-28T14:32:55.598789Z,GILD,SELL - MARKET,9,USD 57.04,USD 513.34,USD,1.2229
2020-12-28T15:27:57.916320Z,,CASH TOP-UP,,,USD 200,USD,1.2231
2020-12-28T15:28:22.537266Z,,CASH TOP-UP,,,USD 20,USD,1.2233
2020-12-28T15:28:35.020239Z,TWLO,BUY - MARKET,2,USD 349,USD 698,USD,1.2232
2020-12-30T07:40:12.354656Z,NVDA,DIVIDEND,,,USD 0.14,USD,1.2281
2020-12-31T09:18:33.582326Z,GILD,DIVIDEND,,,USD 5.20,USD,1.2287
2021-01-01T02:20:07.095455Z,,CUSTODY FEE,,,USD -0.04,USD,1.2219
2021-01-22T20:12:25.980125Z,AAL,SELL - MARKET,9.50155763,USD 15.69,USD 149.07,USD,1.2170
2021-01-22T20:12:39.507076Z,DBX,SELL - MARKET,5,USD 22.10,USD 109.28,USD,1.2170
2021-01-22T20:12:53.460296Z,MRNA,SELL - MARKET,1,USD 130.92,USD 129.70,USD,1.2170
2021-01-22T20:13:09.092340Z,VTRS,SELL - MARKET,9,USD 17.43,USD 155.65,USD,1.2170
2021-01-22T20:14:11.722277Z,IBM,BUY - MARKET,4,USD 118.56,USD 475.45,USD,1.2170
2021-01-22T20:55:58.159298Z,,CASH TOP-UP,,,USD 44.43,USD,1.2173
2021-01-27T16:13:39.829675Z,GME,BUY - MARKET,0.4,USD 366.62,USD 146.65,USD,1.2094
2021-01-28T16:26:23.068646Z,INTC,SELL - MARKET,3,USD 57.05,USD 171.14,USD,1.2126
2021-01-28T16:36:30.439330Z,GME,BUY - MARKET,0.8,USD 189.94,USD 151.95,USD,1.2129
2021-01-29T18:33:07.485263Z,TWLO,SELL - MARKET,2,USD 355.77,USD 710.30,USD,1.2136
2021-02-01T03:05:12.097819Z,,CUSTODY FEE,,,USD -0.04,USD,1.2129
2021-02-01T15:12:14.393595Z,GME,BUY - LIMIT,1,USD 265.44,USD 266.64,USD,1.2095
2021-02-01T15:22:37.545219Z,GME,BUY - LIMIT,1,USD 240,USD 241.20,USD,1.2099
2021-02-01T20:50:06.786103Z,GME,BUY - LIMIT,1,USD 220,USD 221.20,USD,1.2064
2021-02-09T12:54:22.720764Z,,CASH TOP-UP,,,USD 242,USD,1.2103
2021-02-09T14:31:13.634786Z,ON,BUY - MARKET,6.07594936,USD 39.50,USD 241.20,USD,1.2102
2021-02-26T17:10:12.639280Z,INTC,SELL - MARKET,5.17229598,USD 61.30,USD 317.06,USD,1.2087
2021-02-26T17:10:35.075543Z,SPCE,BUY - MARKET,8,USD 38.28,USD 306.24,USD,1.2087
2021-03-01T03:32:15.239243Z,,CUSTODY FEE,,,USD -0.04,USD,1.2089
2021-03-02T05:32:48.110545Z,INTC,DIVIDEND,,,USD 1.53,USD,1.2024
2021-03-08T05:42:18.430850Z,PFE,DIVIDEND,,,USD 4.97,USD,1.1912
2021-03-09T20:59:08.004495Z,GME,SELL - MARKET,4.2,USD 249,USD 1045.78,USD,1.1905
2021-03-10T17:59:24.216893Z,GME,BUY - MARKET,1,USD 243.20,USD 244.39,USD,1.1913
2021-03-10T18:17:58.420054Z,GME,SELL - LIMIT,1,USD 270,USD 268.80,USD,1.1913
2021-03-10T19:03:37.729951Z,RBLX,BUY - MARKET,10,USD 69.85,USD 699.69,USD,1.1919
2021-03-11T05:31:08.442774Z,IBM,DIVIDEND,,,USD 5.54,USD,1.1930
2021-03-12T05:41:56.211177Z,MSFT,DIVIDEND,,,USD 0.95,USD,1.1966
2021-04-01T02:16:55.242553Z,,CUSTODY FEE,,,USD -0.50,USD,1.1731
2021-04-01T04:29:59.520071Z,NVDA,DIVIDEND,,,USD 0.14,USD,1.1727
2021-04-15T13:54:25.113091Z,SPCE,BUY - MARKET,16,USD 24.50,USD 391.98,USD,1.1981
2021-04-28T19:09:53.074496Z,,CASH TOP-UP,,,USD 300,USD,1.2119
2021-04-28T19:10:14.180078Z,,CASH TOP-UP,,,USD 40,USD,1.2121
2021-04-28T19:11:28.022848Z,AMD,BUY - LIMIT,4,USD 84.50,USD 338,USD,1.2119
2021-05-01T02:51:42.295809Z,,CUSTODY FEE,,,USD -0.53,USD,1.2142
2021-05-06T13:37:04.976343Z,IBM,SELL - MARKET,4,USD 145.50,USD 580.79,USD,1.2064
2021-05-06T13:37:43.498201Z,GME,BUY - MARKET,3.5,USD 159.80,USD 560.50,USD,1.2066
2021-05-12T16:32:18.013258Z,,CASH TOP-UP,,,USD 800,USD,1.2075
2021-05-12T18:11:22.946433Z,SPCE,BUY - LIMIT,12,USD 16.20,USD 195.60,USD,1.2079
2021-05-13T18:12:08.285208Z,GME,SELL - MARKET,3.5,USD 164.44,USD 574.33,USD,1.2071
2021-05-13T18:14:56.247977Z,IBM,BUY - MARKET,4,USD 144.48,USD 579.12,USD,1.2074
2021-05-21T15:31:17.184574Z,AMD,BUY - MARKET,3,USD 77.27,USD 233.02,USD,1.2189
2021-05-24T19:25:58.409114Z,INTC,BUY - MARKET,6,USD 57.14,USD 344.09,USD,1.2218
2021-06-01T12:16:01.170507Z,,CUSTODY FEE,,,USD -0.73,USD,1.2225
2021-06-03T15:14:03.389361Z,SPCE,SELL - MARKET,12,USD 33.49,USD 401.88,USD,1.2132
2021-06-04T15:53:57.529953Z,,CASH TOP-UP,,,USD 1300,USD,1.2170
2021-06-04T15:54:30.295045Z,RKLB,BUY - MARKET,128,USD 10.21,USD 1307.96,USD,1.2170
2021-06-07T04:46:14.116974Z,PFE,DIVIDEND,,,USD 4.97,USD,1.2171
2021-06-10T13:30:52.353897Z,WKHS,BUY - MARKET,22.89156626,USD 16.60,USD 381.21,USD,1.2151
2021-06-11T04:31:00.036275Z,MSFT,DIVIDEND,,,USD 0.95,USD,1.2192
2021-06-16T13:35:22.624564Z,RBLX,SELL - STOP,10,USD 80.86,USD 807.39,USD,1.2117
2021-06-28T13:52:44.903743Z,RKLB,BUY - MARKET,75,USD 10.75,USD 806.18,USD,1.1919
2021-07-01T12:59:57.883420Z,,CUSTODY FEE,,,USD -1.01,USD,1.1881
2021-07-02T04:51:48.684380Z,NVDA,DIVIDEND,,,USD 0.14,USD,1.1850
2021-07-12T14:03:26.232262Z,SPCE,SELL - MARKET,41,USD 42.48,USD 1740.34,USD,1.1868
2021-07-20T10:35:17.286954Z,NVDA,STOCK SPLIT,3,,USD 0,USD,1.1790
2021-07-22T13:55:41.729270Z,WKHS,BUY - MARKET,22.10843374,USD 11.44,USD 254.10,USD,1.1820
2021-07-22T15:09:54.617405Z,SPCE,BUY - MARKET,41,USD 31.25,USD 1282.42,USD,1.1788
2021-07-30T12:44:45.124985Z,,CASH TOP-UP,,,USD 89.20,USD,1.1891
2021-07-30T13:32:39.912895Z,HYZN,BUY - MARKET,53,USD 6.86,USD 363.53,USD,1.1879
2021-08-01T09:45:52.841768Z,,CUSTODY FEE,,,USD -0.92,USD,1.1999
2021-08-03T19:24:12.224922Z,AMD,SELL - MARKET,1,USD 112.99,USD 111.80,USD,1.1869
2021-08-03T19:24:29.046114Z,NVDA,SELL - MARKET,1,USD 197.45,USD 196.26,USD,1.1868
2021-08-03T19:25:03.537209Z,EDU,BUY - MARKET,133,USD 2.28,USD 304.37,USD,1.1868
2021-08-20T18:37:51.782102Z,HYZN,SELL - MARKET,53,USD 8.39,USD 443.55,USD,1.1698
2021-08-23T13:56:29.117235Z,MNTS,BUY - MARKET,45,USD 8.88,USD 400.77,USD,1.1734
2021-08-26T15:46:19.744723Z,,CASH TOP-UP,,,USD 360,USD,1.1763
2021-08-26T15:46:39.596816Z,JD,BUY - MARKET,5,USD 76.62,USD 383.10,USD,1.1763
2021-09-02T05:02:28.198472Z,INTC,DIVIDEND,,,USD 1.78,USD,1.1838
2021-09-02T10:49:41.145311Z,,CUSTODY FEE,,,USD -0.96,USD,1.1852
2021-09-02T19:42:28.362041Z,RKLB,SELL - MARKET,100,USD 11.62,USD 1159.07,USD,1.1877
2021-09-07T15:22:49.138778Z,SPCE,BUY - MARKET,19,USD 24.21,USD 461.16,USD,1.1845
2021-09-08T04:44:35.623248Z,PFE,DIVIDEND,,,USD 4.97,USD,1.1846
2021-09-09T13:45:08.410467Z,WKHS,BUY - LIMIT,45,USD 8.71,USD 393.13,USD,1.1825
2021-09-10T04:29:20.780518Z,MSFT,DIVIDEND,,,USD 0.95,USD,1.1832
2021-09-10T13:30:33.157187Z,HYZN,BUY - LIMIT,30,USD 10.80,USD 325.18,USD,1.1827
2021-09-13T04:48:30.792362Z,IBM,DIVIDEND,,,USD 5.58,USD,1.1800
2021-09-24T05:23:27.674599Z,NVDA,DIVIDEND,,,USD 0.10,USD,1.1742
2021-10-01T08:48:22.212991Z,,CUSTODY FEE,,,USD -0.98,USD,1.1581
2021-11-03T03:54:29.512753Z,,CUSTODY FEE,,,USD -0.96,USD,1.1586
2021-12-02T05:35:26.963348Z,INTC,DIVIDEND,,,USD 1.78,USD,1.1321
2021-12-02T12:53:16.731616Z,,CUSTODY FEE,,,USD -0.96,USD,1.1345
2021-12-08T07:32:14.039814Z,PFE,DIVIDEND,,,USD 4.97,USD,1.1291
2021-12-10T09:44:48.819244Z,MSFT,DIVIDEND,,,USD 1.05,USD,1.1284
2021-12-13T05:34:47.293416Z,IBM,DIVIDEND,,,USD 5.58,USD,1.1301
2021-12-27T05:38:23.799463Z,NVDA,DIVIDEND,,,USD 0.10,USD,1.1319
2021-12-28T20:47:34.872662Z,WKHS,SELL - MARKET,90,USD 4.76,USD 428.44,USD,1.1312
2022-01-03T14:40:51.929542Z,TSLA,BUY - MARKET,0.40038243,USD 1160.99,USD 466,USD,1.1331
2022-01-04T07:48:11.606142Z,,CUSTODY FEE,,,USD -0.82,USD,1.1286
2022-01-06T07:10:55.677262Z,,CASH TOP-UP,,,USD 0.35,USD,1.1296
2022-01-10T14:30:37.937030Z,HYZN,SELL - MARKET,30,USD 6.51,USD 194.16,USD,1.1293
2022-01-10T14:30:44.944290Z,MNTS,SELL - MARKET,45,USD 4.09,USD 182.91,USD,1.1294
2022-01-12T06:48:52.736992Z,,CASH WITHDRAWAL,,,USD -377,USD,1.1376
2022-01-26T17:23:31.669904Z,,CASH TOP-UP,,,USD 1128,USD,1.1288
2022-01-26T17:24:07.688503Z,NVDA,BUY - MARKET,2,USD 235.01,USD 470.02,USD,1.1288
2022-01-26T17:24:23.385881Z,AMD,BUY - MARKET,2,USD 114.04,USD 229.20,USD,1.1288
2022-01-26T17:25:00.630940Z,RKLB,BUY - MARKET,46,USD 8.78,USD 405,USD,1.1289
2022-02-02T09:07:56.030675Z,,CUSTODY FEE,,,USD -0.80,USD,1.1289
2022-03-02T03:04:07.000209Z,,CUSTODY FEE,,,USD -0.80,USD,1.1132
2022-03-03T06:40:33.093415Z,INTC,DIVIDEND,,,USD 1.86,USD,1.1104
2022-03-07T05:34:49.941409Z,PFE,DIVIDEND,,,USD 5.10,USD,1.0876
2022-03-11T05:31:23.596629Z,IBM,DIVIDEND,,,USD 5.58,USD,1.0997
2022-03-11T06:04:11.909259Z,MSFT,DIVIDEND,,,USD 1.05,USD,1.1003
2022-03-16T14:13:12.808025Z,,CASH TOP-UP,,,USD 112,USD,1.1003
2022-03-16T14:14:06.218346Z,TSLA,BUY - MARKET,0.09961757,USD 828.37,USD 82.52,USD,1.1016
2022-03-25T05:08:14.357247Z,NVDA,DIVIDEND,,,USD 0.17,USD,1.1036
2022-04-02T09:59:28.267953Z,,CUSTODY FEE,,,USD -0.80,USD,1.1051
2022-04-06T07:14:03.736730Z,,CASH TOP-UP,,,USD 545,USD,1.0889
2022-04-06T13:30:31.130444Z,TWTR,BUY - MARKET,10.8,USD 50,USD 540,USD,1.0932
2022-04-08T10:45:20.309806Z,EDU,STOCK SPLIT,-119.7,,USD 0,USD,1.0889
2022-04-26T14:17:19.712073Z,PFE,SELL - MARKET,15,USD 49.75,USD 746.26,USD,1.0674
2022-04-26T14:17:56.116123Z,TWTR,BUY - MARKET,15.2,USD 50.64,USD 771.63,USD,1.0674
2022-05-03T03:09:42.408193Z,,CUSTODY FEE,,,USD -0.73,USD,1.0516
2022-06-02T04:03:37.783798Z,,CUSTODY FEE,,,USD -0.68,USD,1.0656
2022-06-03T04:22:48.497804Z,INTC,DIVIDEND,,,USD 1.86,USD,1.0755
2022-06-10T04:36:57.464947Z,MSFT,DIVIDEND,,,USD 1.05,USD,1.0637
2022-06-13T04:56:11.828426Z,IBM,DIVIDEND,,,USD 5.61,USD,1.0494
2022-06-14T11:05:42.765843Z,,CASH TOP-UP,,,USD 420,USD,1.0441
2022-06-14T13:30:26.097151Z,AMD,BUY - MARKET,1.24582666,USD 87.46,USD 110,USD,1.0450
2022-06-14T13:30:34.284635Z,NVDA,BUY - MARKET,0.69916735,USD 157.33,USD 110,USD,1.0449
2022-06-14T13:31:04.198945Z,IBM,BUY - MARKET,0.80711111,USD 135,USD 110,USD,1.0448
2022-06-14T13:31:26.408309Z,MSFT,BUY - MARKET,0.44716214,USD 243.67,USD 110,USD,1.0447
2022-06-16T04:27:58.771518Z,JD,DIVIDEND,,,USD 6.20,USD,1.0444
2022-07-02T08:53:19.259624Z,,CUSTODY FEE,,,USD -0.65,USD,1.0432
2022-07-07T05:02:59.808586Z,NVDA,DIVIDEND,,,USD 0.17,USD,1.0208
2022-08-02T11:00:00.209541Z,,CUSTODY FEE,,,USD -0.75,USD,1.0230
2022-08-12T18:10:24.980366Z,,CASH TOP-UP,,,USD 86,USD,1.0270
2022-08-12T18:11:33.904960Z,NVDA,BUY - MARKET,0.30083265,USD 185.45,USD 55.79,USD,1.0271
2022-08-25T08:28:28.045504Z,TSLA,STOCK SPLIT,1,,USD 0,USD,0.9999
2022-09-02T06:07:22.299403Z,INTC,DIVIDEND,,,USD 1.86,USD,0.9974
2022-09-02T08:41:34.907992Z,,CUSTODY FEE,,,USD -0.71,USD,0.9982
2022-09-12T04:30:54.253635Z,MSFT,DIVIDEND,,,USD 1.29,USD,1.0085
2022-09-13T05:42:22.459213Z,IBM,DIVIDEND,,,USD 6.74,USD,1.0142
2022-09-30T08:25:45.005098Z,NVDA,DIVIDEND,,,USD 0.20,USD,0.9847
2022-10-04T03:16:34.622928Z,,CUSTODY FEE,,,USD -0.62,USD,0.9839
2022-10-18T12:48:55.032706Z,,CASH TOP-UP,,,USD 118.52,USD,0.9853
2022-10-18T13:33:36.417274Z,IBM,BUY - MARKET,1.49288889,USD 123.49,USD 184.36,USD,0.9879
2022-11-02T05:25:51.206073Z,TWTR,MERGER - STOCK,-26,,USD 0,USD,0.9890
2022-11-02T05:27:50.661409Z,TWTR,MERGER - CASH,,,USD 1409.20,USD,0.9889
2022-11-02T08:12:19.545757Z,,CUSTODY FEE,,,USD -0.68,USD,0.9891
2022-11-04T08:22:17.077524Z,,CASH TOP-UP,,,USD 184,USD,0.9775
2022-11-04T08:28:59.168892Z,,CASH WITHDRAWAL,,,USD -1602.06,USD,0.9775
2022-12-02T05:47:52.300302Z,,CUSTODY FEE,,,USD -0.60,USD,1.0527
2022-12-02T06:30:26.253023Z,INTC,DIVIDEND,,,USD 1.86,USD,1.0536
2022-12-05T15:06:52.307185Z,,CASH TOP-UP,,,USD 790,USD,1.0530
2022-12-05T15:07:38.853005Z,IBM,BUY - MARKET,1.7,USD 148.21,USD 251.96,USD,1.0523
2022-12-05T15:08:05.588352Z,RKLB,BUY - MARKET,100,USD 4.18,USD 418.90,USD,1.0523
2022-12-05T15:18:42.195415Z,SPCE,SELL - MARKET,10,USD 5.14,USD 50.35,USD,1.0533
2022-12-09T07:36:51.882757Z,MSFT,DIVIDEND,,,USD 1.41,USD,1.0584
2022-12-13T07:07:10.674026Z,IBM,DIVIDEND,,,USD 8.84,USD,1.0563
2022-12-14T08:40:12.602790Z,,CUSTODY FEE,,,USD -0.60,USD,1.0640
2022-12-14T17:09:27.327629Z,,CUSTODY FEE REVERSAL,,,USD 0.60,USD,1.0666
2022-12-23T06:26:45.714187Z,NVDA,DIVIDEND,,,USD 0.20,USD,1.0615
2023-01-04T08:25:50.026957Z,,CUSTODY FEE,,,USD -0.59,USD,1.0624
2023-02-01T03:23:11.127950Z,,CUSTODY FEE,,,USD -0.69,USD,1.0863
2023-03-02T06:59:10.851056Z,,CUSTODY FEE,,,USD -0.71,USD,1.0647
2023-03-02T07:46:18.812967Z,INTC,DIVIDEND,,,USD 1.86,USD,1.0638
2023-03-13T04:40:37.598380Z,MSFT,DIVIDEND,,,USD 1.41,USD,1.0736
2023-03-13T04:55:52.937669Z,IBM,DIVIDEND,,,USD 11.22,USD,1.0731
2023-03-14T13:36:08.373Z,EDU,BUY - MARKET,3,USD 37.38,USD 112.14,USD,1.0719
2023-03-30T06:03:04.267245Z,NVDA,DIVIDEND,,,USD 0.20,USD,1.0855
2023-04-04T06:52:48.883964Z,,CUSTODY FEE,,,USD -0.76,USD,1.0911
2023-04-19T15:49:18.597Z,EDU,SELL - LIMIT,3,USD 41,USD 121.91,USD,1.0963
2023-05-02T16:03:44.092538Z,,CUSTODY FEE,,,USD -0.72,USD,1.1010
2023-05-08T04:36:36.312893Z,JD,DIVIDEND,,,USD 3,USD,1.1057
2023-05-17T14:49:57.983989Z,,CASH TOP-UP,,,USD 50,USD,1.0833
2023-05-17T14:50:20.537Z,GOOGL,BUY - MARKET,2,USD 119.18,USD 238.36,USD,1.0830
2023-06-02T05:32:37.868287Z,INTC,DIVIDEND,,,USD 0.64,USD,1.0780
2023-06-02T06:27:28.008432Z,,CUSTODY FEE,,,USD -0.86,USD,1.0788
2023-06-09T05:45:03.309732Z,MSFT,DIVIDEND,,,USD 1.41,USD,1.0795
2023-06-13T04:32:50.058115Z,IBM,DIVIDEND,,,USD 11.29,USD,1.0792
2023-06-29T15:42:13.222972Z,,CASH TOP-UP,,,USD 110,USD,1.0893
2023-06-29T15:42:43.075Z,SPCE,BUY - MARKET,30,USD 4.30,USD 128.96,USD,1.0894
2023-07-03T04:41:23.475987Z,NVDA,DIVIDEND,,,USD 0.20,USD,1.0930
2023-07-04T05:29:24.261122Z,,CUSTODY FEE,,,USD -0.96,USD,1.0907
2023-07-11T13:46:05.853Z,EDU,SELL - LIMIT,13,USD 45,USD 584.98,USD,1.0996
2023-07-11T13:48:46.770Z,EDU,SELL - MARKET,0.3,USD 45.13,USD 12.43,USD,1.0996
2023-07-13T18:17:24.152750Z,,CASH WITHDRAWAL,,,USD -607,USD,1.1230
2023-08-02T08:32:10.249625Z,,CUSTODY FEE,,,USD -0.99,USD,1.0999
2023-08-06T09:15:38.237495Z,,TRANSFER FROM REVOLUT BANK UAB TO REVOLUT SECURITIES EUROPE UAB,,,USD -0.99,USD,1.1018
2023-08-06T09:15:38.297396Z,GOOGL,TRANSFER FROM REVOLUT TRADING LTD TO REVOLUT SECURITIES EUROPE UAB,2,,USD 0,USD,1.1018
2023-08-06T09:15:38.301911Z,INTC,TRANSFER FROM REVOLUT TRADING LTD TO REVOLUT SECURITIES EUROPE UAB,6,,USD 0,USD,1.1018
2023-08-06T09:15:38.304764Z,SPCE,TRANSFER FROM REVOLUT TRADING LTD TO REVOLUT SECURITIES EUROPE UAB,120,,USD 0,USD,1.1018
2023-08-06T09:15:38.308586Z,TSLA,TRANSFER FROM REVOLUT TRADING LTD TO REVOLUT SECURITIES EUROPE UAB,1.5,,USD 0,USD,1.1018
2023-08-06T09:15:38.312803Z,RKLB,TRANSFER FROM REVOLUT TRADING LTD TO REVOLUT SECURITIES EUROPE UAB,249,,USD 0,USD,1.1018
2023-08-06T09:15:38.317114Z,ON,TRANSFER FROM REVOLUT TRADING LTD TO REVOLUT SECURITIES EUROPE UAB,6.07594936,,USD 0,USD,1.1018
2023-08-06T09:15:38.321403Z,IBM,TRANSFER FROM REVOLUT TRADING LTD TO REVOLUT SECURITIES EUROPE UAB,8,,USD 0,USD,1.1018
2023-08-06T09:15:38.325755Z,MSFT,TRANSFER FROM REVOLUT TRADING LTD TO REVOLUT SECURITIES EUROPE UAB,2.44716214,,USD 0,USD,1.1018
2023-08-06T09:15:38.329166Z,NVDA,TRANSFER FROM REVOLUT TRADING LTD TO REVOLUT SECURITIES EUROPE UAB,6,,USD 0,USD,1.1018
2023-08-06T09:15:38.332790Z,KD,TRANSFER FROM REVOLUT TRADING LTD TO REVOLUT SECURITIES EUROPE UAB,0.8,,USD 0,USD,1.1018
2023-08-06T09:15:38.336923Z,AMD,TRANSFER FROM REVOLUT TRADING LTD TO REVOLUT SECURITIES EUROPE UAB,9.24582666,,USD 0,USD,1.1018
2023-08-06T09:15:38.341218Z,JD,TRANSFER FROM REVOLUT TRADING LTD TO REVOLUT SECURITIES EUROPE UAB,5,,USD 0,USD,1.1018
2023-09-01T03:41:45.757428Z,,CUSTODY FEE,,,USD -0.94,USD,1.0859
2023-09-05T11:07:12.533461Z,INTC,DIVIDEND,,,USD 0.64,USD,1.0755
2023-09-12T08:48:39.111656Z,IBM,DIVIDEND,,,USD 11.29,USD,1.0736
2023-09-15T11:12:19.256120Z,MSFT,DIVIDEND,,,USD 1.41,USD,1.0674
2023-09-29T11:09:13.154916Z,NVDA,DIVIDEND,,,USD 0.20,USD,1.0625
2023-10-01T06:22:52.687444Z,,CUSTODY FEE,,,USD -0.83,USD,1.0595
2023-11-02T06:10:58.529759Z,,CUSTODY FEE,,,USD -0.79,USD,1.0617
2023-11-20T15:30:00.813885Z,,CASH TOP-UP,,,USD 143.22,USD,1.0948
2023-11-20T15:30:01.566Z,IBM,BUY - MARKET,0.99801192,USD 153.52,USD 153.21,USD,1.0948
2023-11-28T16:44:25.025Z,SPCE,SELL - MARKET,20,USD 2.10,USD 42,USD,1.1013
2023-12-01T08:27:15.342187Z,,CUSTODY FEE,,,USD -0.91,USD,1.0919
2023-12-04T15:26:54.664690Z,INTC,DIVIDEND,,,USD 0.64,USD,1.0834
2023-12-12T12:22:59.754842Z,IBM,DIVIDEND,,,USD 11.29,USD,1.0822
2023-12-14T14:30:11.128Z,SPCE,BUY - MARKET,19.976,USD 2.50,USD 50,USD,1.0973
2023-12-18T19:20:17.539225Z,MSFT,DIVIDEND,,,USD 1.56,USD,1.0936
2023-12-26T06:45:09.549461Z,,CASH TOP-UP,,,USD 150,USD,1.1047
2023-12-26T14:30:00.951Z,IBM,BUY - MARKET,0.92478421,USD 162.20,USD 150,USD,1.1044
2023-12-29T13:33:40.508786Z,NVDA,DIVIDEND,,,USD 0.20,USD,1.1076
2024-01-01T05:37:10.401643Z,,CUSTODY FEE,,,USD -1.02,USD,1.1060
2024-02-02T10:53:22.299375Z,,CUSTODY FEE,,,USD -1.08,USD,1.0905
2024-02-05T13:35:14.413745Z,,CASH TOP-UP,,,USD 108,USD,1.0766
2024-02-05T14:30:02.757Z,AAPL,BUY - MARKET,0.58850428,USD 188.07,USD 110.68,USD,1.0762
2024-02-05T15:30:08.367544Z,,CASH TOP-UP,,,USD 100,USD,1.0756
2024-02-05T15:30:09.354Z,NVO,BUY - MARKET,0.84434604,USD 117.17,USD 100.01,USD,1.0756
2024-02-17T00:19:52.341155Z,AAPL,DIVIDEND,,,USD 0.12,USD,1.0799
2024-03-04T15:20:15.773321Z,INTC,DIVIDEND,,,USD 0.64,USD,1.0886
2024-03-05T15:33:09.282248Z,,CASH TOP-UP,,,USD 99.25,USD,1.0892
2024-03-05T15:33:10.660Z,NVO,BUY - MARKET,0.8016906,USD 124.74,USD 100,USD,1.0892
2024-03-12T10:40:16.998175Z,IBM,DIVIDEND,,,USD 14,USD,1.0955
2024-03-15T14:47:53.725918Z,MSFT,DIVIDEND,,,USD 1.56,USD,1.0911
2024-03-28T13:43:59.528812Z,NVDA,DIVIDEND,,,USD 0.20,USD,1.0827
2024-04-05T10:37:27.323222Z,NVO,DIVIDEND,,,USD 1.09,USD,1.0859
2024-04-05T14:37:04.879916Z,,CASH TOP-UP,,,USD 83.15,USD,1.0844
2024-04-05T14:37:06.008Z,NVO,BUY - MARKET,0.79638378,USD 125.57,USD 100,USD,1.0844
2024-05-01T10:52:39.246611Z,JD,DIVIDEND,,,USD 3.70,USD,1.0692
2024-05-15T13:30:00.569Z,ON,SELL - MARKET,6.07594936,USD 74.42,USD 452.15,USD,1.0879
2024-05-15T13:30:00.914Z,KD,SELL - MARKET,0.8,USD 27.98,USD 21.28,USD,1.0879
2024-05-15T13:37:02.587Z,GME,BUY - MARKET,3,USD 41.79,USD 126.45,USD,1.0877
2024-05-15T15:23:46.985Z,GME,BUY - MARKET,3,USD 34.04,USD 103.21,USD,1.0890
2024-05-17T11:34:10.426097Z,AAPL,DIVIDEND,,,USD 0.12,USD,1.0866
2024-05-23T19:00:21.283375Z,,CASH WITHDRAWAL,,,USD -247.59,USD,1.0828
2024-05-30T18:26:33.799150Z,,CASH TOP-UP,,,USD 354,USD,1.0861
2024-05-30T18:27:06.572Z,AN,BUY - MARKET,0.65104744,USD 168.96,USD 110,USD,1.0861
2024-05-30T18:27:32.836Z,AMKR,BUY - MARKET,3.31063829,USD 32.90,USD 109.99,USD,1.0861
2024-05-30T18:28:07.858Z,TSM,BUY - MARKET,0.70974258,USD 153.45,USD 109.99,USD,1.0861
2024-05-30T18:35:04.170852Z,,CASH TOP-UP,,,USD 50,USD,1.0861
2024-05-30T18:35:41.832Z,TSM,BUY - MARKET,0.29025742,USD 153.45,USD 45.62,USD,1.0861
2024-05-30T18:48:02.232Z,AMKR,BUY - MARKET,0.68936171,USD 32.78,USD 23.68,USD,1.0862
2024-05-30T18:51:09.220370Z,,CASH TOP-UP,,,USD 60,USD,1.0862
2024-05-30T18:51:40.937Z,AN,BUY - MARKET,0.34895256,USD 168.73,USD 59.96,USD,1.0862
2024-06-03T06:40:14.189772Z,,CASH TOP-UP,,,USD 240,USD,1.0875
2024-06-04T09:42:34.517595Z,INTC,DIVIDEND,,,USD 0.64,USD,1.0901
2024-06-04T19:05:03.565Z,GME,BUY - MARKET,5,USD 27.14,USD 136.81,USD,1.0902
2024-06-10T12:42:56.185Z,GME,BUY - LIMIT,3,USD 28.90,USD 87.76,USD,1.0775
2024-06-10T13:00:37.346380Z,NVDA,STOCK SPLIT,54,,USD 0,USD,1.0763
2024-06-11T08:51:41.338772Z,IBM,DIVIDEND,,,USD 16.57,USD,1.0770
2024-06-11T09:19:41.672692Z,IBM,DIVIDEND TAX (CORRECTION),,,USD -2.49,USD,1.0774
2024-06-14T10:58:53.418781Z,MSFT,DIVIDEND,,,USD 1.56,USD,1.0721
2024-06-17T07:51:50.685880Z,SPCE,STOCK SPLIT,-113.9772,,USD 0,USD,1.0716
2024-06-18T12:25:54.329712Z,GOOGL,DIVIDEND,,,USD 0.34,USD,1.0735
2024-06-20T08:00:00.015Z,AMKR,SELL - LIMIT,4,USD 41.10,USD 163.31,USD,1.0747
2024-06-20T08:00:00.024Z,TSM,SELL - LIMIT,1,USD 186,USD 184.91,USD,1.0747
2024-06-20T10:07:07.317Z,BMY,BUY - LIMIT,4,USD 40.80,USD 164.27,USD,1.0752
2024-06-20T13:30:01.865Z,ADBE,BUY - MARKET,0.35764723,USD 528.23,USD 189.99,USD,1.0747
2024-06-25T07:35:26.279755Z,AMKR,DIVIDEND,,,USD 0.26,USD,1.0749
2024-06-25T18:27:37.547Z,NVDA,SELL - MARKET,10,USD 124.92,USD 1249.17,USD,1.0739
2024-06-25T18:29:33.295Z,AMKR,BUY - MARKET,30,USD 38.65,USD 1162.40,USD,1.0740
2024-06-25T18:31:38.021Z,NVDA,SELL - MARKET,10,USD 124.97,USD 1246.55,USD,1.0740
2024-06-25T18:32:12.597Z,IBM,BUY - MARKET,7.07720987,USD 172.50,USD 1223.84,USD,1.0740
2024-06-26T11:25:52.281Z,ZNTL,BUY - LIMIT,31,USD 4.20,USD 130.20,USD,1.0705
2024-06-26T11:53:51.283089Z,,CASH TOP-UP,,,USD 32.65,USD,1.0709
2024-06-27T07:01:54.134833Z,,CASH TOP-UP,,,USD 106,USD,1.0715
2024-07-01T10:37:33.820975Z,NVDA,DIVIDEND,,,USD 0.51,USD,1.0776
2024-07-05T13:32:08.613Z,INTC,BUY - STOP,4,USD 31.45,USD 125.80,USD,1.0850
2024-07-15T09:17:34.967363Z,TSM,DIVIDEND,,,USD 0.42,USD,1.0933
2024-07-15T16:24:22.314699Z,,CASH TOP-UP,,,USD 0.42,USD,1.0929
2024-07-15T16:24:29.524896Z,,CASH TOP-UP,,,USD 0.03,USD,1.0929
2024-07-15T16:24:36.047Z,SPCE,BUY - MARKET,3,USD 7.80,USD 23.40,USD,1.0929
2024-08-02T09:07:14.981288Z,BMY,DIVIDEND,,,USD 2.04,USD,1.0836
2024-08-16T15:19:58.815692Z,AAPL,DIVIDEND,,,USD 0.12,USD,1.1012
2024-08-28T10:07:14.373402Z,NVO,DIVIDEND,,,USD 0.88,USD,1.1151
2024-09-04T09:02:58.195045Z,INTC,DIVIDEND,,,USD 1.06,USD,1.1073
2024-09-09T12:38:51.762683Z,,CASH TOP-UP,,,USD 43,USD,1.1067
2024-09-09T12:39:51.847624Z,,CASH TOP-UP,,,USD 0.12,USD,1.1067
2024-09-10T10:13:49.190194Z,,CASH TOP-UP,,,USD 370,USD,1.1058
2024-09-10T10:14:33.499034Z,,CASH TOP-UP,,,USD 16,USD,1.1058
2024-09-10T10:16:16Z,US298785JU14,BUY - MARKET,0.4,USD 1029.18,USD 412.77,USD,1.1056
2024-09-11T10:58:31.355583Z,IBM,DIVIDEND,,,USD 24.13,USD,1.1068
2024-09-13T10:15:30.824537Z,MSFT,DIVIDEND,,,USD 1.56,USD,1.1111
2024-09-17T10:22:09.500197Z,GOOGL,DIVIDEND,,,USD 0.34,USD,1.1157
2024-09-17T16:04:49.642Z,AMD,SELL - MARKET,3.24582666,USD 152.72,USD 495.69,USD,1.1138
2024-09-17T16:06:07.384Z,INTC,BUY - MARKET,23,USD 22.10,USD 508.27,USD,1.1139
2024-09-20T08:06:36.908587Z,US298785JU14,BOND COUPON,,,USD 7.75,USD,1.1180
2024-09-24T09:05:53.378486Z,AMKR,DIVIDEND,,,USD 2.01,USD,1.1164
2024-10-04T10:28:22.005019Z,NVDA,DIVIDEND,,,USD 0.34,USD,1.1051
2024-10-30T11:04:24.945199Z,,CASH TOP-UP,,,USD 130,USD,1.0854
2024-10-30T14:25:45.414Z,ARM,BUY - MARKET,1,USD 153.47,USD 153.47,USD,1.0869
2024-11-04T10:23:08.630494Z,BMY,DIVIDEND,,,USD 2.04,USD,1.0916
2024-11-15T10:55:57.878400Z,AAPL,DIVIDEND,,,USD 0.12,USD,1.0595
2024-11-25T16:01:56.495Z,SPCE,BUY - MARKET,3.02538071,USD 7.88,USD 23.83,USD,1.0512
2024-12-05T18:26:38.133Z,SPCE,SELL - MARKET,12.02418071,USD 6.44,USD 77.43,USD,1.0581
2024-12-11T10:15:33.378712Z,IBM,DIVIDEND,,,USD 24.13,USD,1.0516
2024-12-13T13:18:11.338240Z,MSFT,DIVIDEND,,,USD 1.73,USD,1.0540
2024-12-16T14:30:01.623Z,GME,BUY - LIMIT,3,USD 27.70,USD 83.10,USD,1.0512
2024-12-17T12:46:07.049672Z,GOOGL,DIVIDEND,,,USD 0.34,USD,1.0515
2024-12-23T14:34:52.454Z,ZNTL,BUY - MARKET,6,USD 3.05,USD 18.29,USD,1.0419
2024-12-24T08:53:49.119235Z,AMKR,DIVIDEND,,,USD 12.44,USD,1.0414
2024-12-30T10:41:16.823820Z,NVDA,DIVIDEND,,,USD 0.34,USD,1.0459
2025-01-02T14:31:07.671Z,TSLA,SELL - STOP,1.5,USD 389.11,USD 583.64,USD,1.0340
2025-01-04T20:45:56.578494Z,,CASH WITHDRAWAL,,,USD -500,USD,1.0326
2025-01-10T14:31:24.304Z,AAPL,SELL - STOP,0.58850428,USD 240.02,USD 141.23,USD,1.0274
2025-01-10T14:54:22.485Z,AMD,SELL - STOP,6,USD 114.90,USD 689.39,USD,1.0269
2025-01-14T20:27:02.584Z,GME,BUY - MARKET,4,USD 27.88,USD 111.51,USD,1.0328
2025-01-18T19:48:51.131782Z,,CASH WITHDRAWAL,,,USD -817.77,USD,1.0290
2025-02-03T14:32:56.032Z,NVDA,SELL - STOP,15,USD 114.82,USD 1722.28,USD,1.0279
2025-02-03T14:37:47.743Z,NVDA,SELL - MARKET,20,USD 113.58,USD 2271.60,USD,1.0277
2025-02-04T08:06:59.604575Z,,CASH WITHDRAWAL,,,USD -800,USD,1.0332
2025-02-04T08:07:23.445797Z,,CASH TOP-UP,,,EUR 811.44,EUR,1.0000
2025-02-04T08:07:26.609Z,RHM,BUY - MARKET,1,EUR 773,EUR 773,EUR,1.0000
2025-02-04T10:44:07.233245Z,,CASH WITHDRAWAL,,,USD -3193.88,USD,1.0350
2025-02-04T13:05:16.871852Z,BMY,DIVIDEND,,,USD 2.11,USD,1.0353
2025-02-05T15:29:47.207360Z,,REWARD,,,USD 1.13,USD,1.0443
2025-02-07T15:30:02.759544Z,,CASH TOP-UP,,,USD 100,USD,1.0391
2025-02-07T15:30:03.186Z,NVDA,BUY - MARKET,0.77549437,USD 128.95,USD 100,USD,1.0391
2025-02-14T08:15:35.998050Z,,CASH TOP-UP,,,EUR 500,EUR,1.0000
2025-02-14T08:16:15.057Z,SDV1,BUY - MARKET,15,EUR 20.90,EUR 313.50,EUR,1.0000
2025-02-14T08:20:51.456758Z,,CASH TOP-UP,,,USD 400,USD,1.0499
2025-02-14T15:30:37.427Z,NVDA,BUY - MARKET,0.72469019,USD 137.99,USD 100,USD,1.0515
2025-02-17T07:00:18.570Z,HAG,BUY - MARKET,2.32666356,EUR 42.98,EUR 100,EUR,1.0000
2025-02-17T07:01:37.634Z,CSF,BUY - MARKET,0.58647058,EUR 170,EUR 100,EUR,1.0000
2025-02-18T14:30:51.242Z,DRS,BUY - MARKET,3.36813742,USD 29.69,USD 100,USD,1.0473
2025-02-21T18:12:03.395Z,GOOGL,SELL - STOP,1.5,USD 179.82,USD 269.71,USD,1.0484
2025-03-11T09:54:51.232464Z,IBM,DIVIDEND,,,USD 24.13,USD,1.0939
2025-03-12T13:58:42.461Z,MSFT,BUY - MARKET,0.55283786,USD 380.83,USD 210.54,USD,1.0901
2025-03-13T07:14:23.752212Z,,CASH TOP-UP,,,EUR 32,EUR,1.0000
2025-03-13T16:47:45.560519Z,,CASH WITHDRAWAL,,,USD -286.54,USD,1.0892
2025-03-13T16:48:17.854582Z,,CASH TOP-UP,,,EUR 262.98,EUR,1.0000
2025-03-13T16:48:35.994Z,ENR1,BUY - MARKET,2,EUR 57.84,EUR 115.68,EUR,1.0000
2025-03-13T16:48:51.990Z,SIE,BUY - MARKET,0.88456435,EUR 226.10,EUR 200,EUR,1.0000
2025-03-14T14:56:56.145613Z,MSFT,DIVIDEND,,,USD 1.73,USD,1.0900
2025-03-18T19:22:05.429752Z,GOOGL,DIVIDEND,,,USD 0.08,USD,1.0968
2025-03-21T15:58:14.406821Z,US298785JU14,BOND COUPON,,,USD 7.75,USD,1.0832
2025-03-28T10:58:32.796217Z,DRS,DIVIDEND,,,USD 0.26,USD,1.0793
2025-04-01T19:33:33.361Z,AMKR,SELL - MARKET,10,USD 17.95,USD 179.49,USD,1.0814
2025-04-02T13:05:24.564151Z,,CASH WITHDRAWAL,,,USD -189.31,USD,1.0839
2025-04-03T10:44:17.379629Z,AMKR,DIVIDEND,,,USD 2.11,USD,1.1091
2025-04-03T15:31:34.922062Z,NVDA,DIVIDEND,,,USD 0.05,USD,1.1095
2025-04-07T07:02:13.554Z,RHM,SELL - MARKET,1,EUR 972.80,EUR 972.80,EUR,1.0000
2025-04-07T07:03:46.178Z,SDV1,SELL - MARKET,15,EUR 29.64,EUR 444.53,EUR,1.0000
2025-04-09T06:23:40.660Z,E3B,BUY - MARKET,30,EUR 3.85,EUR 115.96,EUR,1.0000
2025-04-09T12:14:00.628568Z,NVO,DIVIDEND,,,USD 2,USD,1.1068
2025-04-14T10:53:29.060Z,SDV1,BUY - MARKET,15,EUR 38.61,EUR 579.15,EUR,1.0000
2025-04-14T10:54:05.083Z,RHM,BUY - MARKET,0.4,EUR 1414.50,EUR 565.80,EUR,1.0000
2025-04-25T08:02:28.638136Z,,CASH WITHDRAWAL,,,EUR -160.66,EUR,1.0000
2025-04-25T08:03:04.153694Z,,CASH TOP-UP,,,USD 181.70,USD,1.1383
2025-04-25T08:03:31.592383Z,,CASH TOP-UP,,,USD 160.66,USD,1.1384
2025-04-25T13:30:10.969Z,ZNTL,BUY - LIMIT,50,USD 1.50,USD 75,USD,1.1363
2025-04-29T13:30:02.493Z,ZNTL,BUY - LIMIT,50,USD 1.40,USD 70,USD,1.1431
2025-05-01T14:12:43.133203Z,JD,DIVIDEND,,,USD 4.90,USD,1.1321
2025-05-02T10:21:46.480524Z,BMY,DIVIDEND,,,USD 2.11,USD,1.1367
2025-05-09T06:11:26.950693Z,,CASH TOP-UP,,,USD 400,USD,1.1260
2025-05-09T17:14:38.878Z,PLTR,BUY - LIMIT,2,USD 115,USD 230,USD,1.1277
2025-05-16T13:30:53.808Z,SPCE,BUY - MARKET,39.89501312,USD 3.81,USD 152,USD,1.1215
2025-05-16T17:49:50.532354Z,RHM,DIVIDEND,,,EUR 2.38,EUR,1.0000
2025-05-16T19:01:40.365Z,SPCE,SELL - STOP,39,USD 5.66,USD 220.78,USD,1.1181
2025-05-22T15:05:57.931381Z,CSF,DIVIDEND,,,EUR 1.25,EUR,1.0000
2025-05-30T15:18:35.574648Z,HAG,RETURN OF CAPITAL,,,EUR 1.16,EUR,1.0000
2025-06-06T14:18:06.169831Z,DRS,DIVIDEND,,,USD 0.26,USD,1.1430
2025-06-11T14:01:31.538887Z,IBM,DIVIDEND,,,USD 24.28,USD,1.1500
2025-06-11T15:21:01.182Z,GME,BUY - MARKET,5,USD 28.80,USD 143.98,USD,1.1510
2025-06-12T08:27:37.614Z,GME,BUY - LIMIT,13,USD 24.90,USD 323.70,USD,1.1561
2025-06-13T12:20:23.959882Z,MSFT,DIVIDEND,,,USD 2.12,USD,1.1536
2025-06-17T15:05:03.400070Z,GOOGL,DIVIDEND,,,USD 0.08,USD,1.1551
2025-06-26T09:40:48.935996Z,AMKR,DIVIDEND,,,USD 1.40,USD,1.1749
2025-07-02T17:00:11.941904Z,IBM,DIVIDEND TAX (CORRECTION),,,USD -4.28,USD,1.1816
2025-07-02T17:00:12.028662Z,IBM,DIVIDEND TAX (CORRECTION),,,USD 4.28,USD,1.1816
2025-07-02T20:17:03.017632Z,MSFT,DIVIDEND TAX (CORRECTION),,,USD -0.37,USD,1.1825
2025-07-02T20:17:03.087519Z,MSFT,DIVIDEND TAX (CORRECTION),,,USD 0.37,USD,1.1825
2025-07-02T21:09:11.477140Z,GOOGL,DIVIDEND TAX (CORRECTION),,,USD -0.02,USD,1.1825
2025-07-02T21:09:11.543166Z,GOOGL,DIVIDEND TAX (CORRECTION),,,USD 0.02,USD,1.1825
2025-07-10T07:02:24.373880Z,NVDA,DIVIDEND,,,USD 0.05,USD,1.1762
2025-08-01T12:30:55.534896Z,BMY,DIVIDEND,,,USD 2.11,USD,1.1477
2025-08-08T11:05:33.332446Z,,CASH TOP-UP,,,USD 60,USD,1.1666
2025-08-11T11:10:41.246Z,RHM,SELL - MARKET,0.4,EUR 1562.50,EUR 625,EUR,1.0000
2025-08-11T11:10:55.834Z,SDV1,SELL - MARKET,15,EUR 44.47,EUR 666.98,EUR,1.0000
2025-08-11T11:11:19.682Z,HAG,SELL - MARKET,2.32666356,EUR 84.15,EUR 195.79,EUR,1.0000
2025-08-11T11:11:36.980Z,CSF,SELL - MARKET,0.58647058,EUR 226.90,EUR 133.07,EUR,1.0000
2025-08-11T13:31:38.436Z,DRS,SELL - MARKET,3.36813742,USD 41.87,USD 141.01,USD,1.1647
2025-08-14T08:25:38.506249Z,,CASH TOP-UP,,,USD 58.14,USD,1.1708
2025-08-20T08:07:02.217Z,FLY,BUY - LIMIT,1,USD 45,USD 45,USD,1.1672
2025-08-26T13:49:14.470641Z,NVO,DIVIDEND,,,USD 1,USD,1.1680
2025-09-03T18:07:09.802Z,FLY,BUY - MARKET,4,USD 43.48,USD 173.94,USD,1.1691
2025-09-05T15:27:05.975276Z,,CASH WITHDRAWAL,,,EUR -200,EUR,1.0000
2025-09-05T15:27:13.116840Z,,CASH TOP-UP,,,USD 200,USD,1.1768
2025-09-05T15:27:45.265763Z,,CASH TOP-UP,,,USD 34,USD,1.1770
2025-09-05T15:28:04.892Z,FLY,BUY - MARKET,5,USD 42.11,USD 210.57,USD,1.1770
2025-09-10T12:41:23.276544Z,IBM,DIVIDEND,,,USD 24.28,USD,1.1729
2025-09-11T13:51:00.455116Z,MSFT,DIVIDEND,,,USD 2.12,USD,1.1759
2025-09-15T15:13:32.433416Z,GOOGL,DIVIDEND,,,USD 0.08,USD,1.1786
2025-09-16T15:08:19.584476Z,US298785JU14,BOND COUPON,,,USD 7.75,USD,1.1866
2025-09-23T06:38:26.221521Z,,CASH TOP-UP,,,USD 99,USD,1.1820
2025-09-23T06:38:55.888245Z,,CASH WITHDRAWAL,,,EUR -425,EUR,1.0000
2025-09-23T06:39:06.205608Z,,CASH TOP-UP,,,USD 500,USD,1.1819
2025-09-23T11:41:11.572317Z,AMKR,DIVIDEND,,,USD 1.40,USD,1.1821
2025-09-23T14:01:14.966Z,SPCE,BUY - MARKET,30.10498688,USD 3.74,USD 112.55,USD,1.1827
2025-09-25T13:30:01.368Z,FLY,BUY - LIMIT,5,USD 39.90,USD 199.50,USD,1.1732
2025-10-01T14:36:29.304Z,GME,BUY - MARKET,1,USD 27.38,USD 27.38,USD,1.1781
2025-10-02T14:31:41.907Z,FLY,BUY - MARKET,5,USD 27.22,USD 136.10,USD,1.1742
2025-10-02T18:18:07.569932Z,NVDA,DIVIDEND,,,USD 0.05,USD,1.1743
2025-10-16T13:19:32.981053Z,GME.WS,POSITION CLOSURE,,,USD 11.50,USD,1.1684
2025-11-03T13:23:50.454509Z,BMY,DIVIDEND,,,USD 2.11,USD,1.1536
2025-11-18T12:06:28.446515Z,,CASH TOP-UP,,,EUR 1637.18,EUR,1.0000
2025-11-18T15:04:11.052Z,RKLB,SELL - MARKET,49,USD 41.44,USD 2030.69,USD,1.1630
2025-11-20T08:04:50.939Z,VWCE,BUY - MARKET,0.69744734,EUR 143.38,EUR 100,EUR,1.0000
2025-11-21T07:45:29.474496Z,,CASH WITHDRAWAL,,,USD -200,USD,1.1571
2025-11-21T07:49:12.419957Z,,CASH WITHDRAWAL,,,USD -200,USD,1.1573
2025-11-21T07:54:03.547483Z,,CASH WITHDRAWAL,,,USD -200,USD,1.1573
2025-12-01T07:29:31.018Z,E3B,SELL - MARKET,30,EUR 2.17,EUR 65.10,EUR,1.0000
2025-12-01T14:30:00.519Z,JD,SELL - MARKET,5,USD 29.95,USD 149.74,USD,1.1663
2025-12-01T14:30:00.744Z,ADBE,SELL - MARKET,0.35764723,USD 316.74,USD 113.27,USD,1.1663
2025-12-01T14:30:01.321Z,ARM,SELL - MARKET,1,USD 133.43,USD 133.42,USD,1.1664
2025-12-01T14:30:01.741Z,FLY,SELL - MARKET,20,USD 17.19,USD 343.79,USD,1.1664
2025-12-01T16:55:24.433Z,NVO,SELL - MARKET,2.44242042,USD 48.84,USD 119.28,USD,1.1648
2025-12-10T14:40:19.724554Z,IBM,DIVIDEND,,,USD 24.28,USD,1.1662
2025-12-11T17:15:27.066791Z,MSFT,DIVIDEND,,,USD 2.32,USD,1.1786
2025-12-12T07:30:57.982796Z,,CASH TOP-UP,,,USD 20.40,USD,1.1765
2025-12-12T15:55:12.052Z,GME,BUY - LIMIT,10,USD 21.50,USD 215,USD,1.1760
2025-12-15T16:28:13.912928Z,GOOGL,DIVIDEND,,,USD 0.08,USD,1.1786
2025-12-15T19:43:03.220Z,MU,BUY - LIMIT,1,USD 240,USD 240,USD,1.1770
2025-12-19T08:10:34.755Z,VWCE,BUY - MARKET,0.69735006,EUR 143.40,EUR 100,EUR,1.0000
2025-12-19T08:54:24.133113Z,,CASH TOP-UP,,,EUR 100,EUR,1.0000
2025-12-23T14:18:21.307453Z,AMKR,DIVIDEND,,,USD 1.42,USD,1.1799
2025-12-26T19:51:19.670079Z,NVDA,DIVIDEND,,,USD 0.05,USD,1.1805
2025-12-31T20:54:19.151Z,GME,BUY - LIMIT,10,USD 20,USD 200,USD,1.1774
2025-12-31T20:59:36.699Z,VNDA,BUY - MARKET,20,USD 8.82,USD 176.50,USD,1.1774
2026-01-05T17:13:14.137Z,VNDA,BUY - LIMIT,20,USD 8,USD 160,USD,1.1743
2026-01-08T14:53:02.232Z,VNDA,SELL - MARKET,40,USD 7.67,USD 306.92,USD,1.1687
2026-01-12T08:04:42.145Z,VOW3,BUY - MARKET,0.96711798,EUR 103.40,EUR 100,EUR,1.0000
2026-01-12T08:05:05.779Z,ABJ,BUY - MARKET,3.08737264,EUR 64.78,EUR 200,EUR,1.0000
2026-01-12T15:31:11.808Z,ISRG,BUY - MARKET,0.35125926,USD 569.38,USD 200,USD,1.1703
2026-01-14T12:20:23.525884Z,MU,DIVIDEND,,,USD 0.09,USD,1.1672
2026-01-19T08:34:36.734Z,VWCE,BUY - MARKET,0.67294751,EUR 148.60,EUR 100,EUR,1.0000
2026-01-28T20:51:53.268880Z,,CASH TOP-UP,,,EUR 100,EUR,1.0000
2026-01-29T18:47:45.206Z,GOOGL,BUY - MARKET,0.5,USD 336.16,USD 168.08,USD,1.1989
2026-01-30T05:35:47.150491Z,,CASH TOP-UP,,,USD 28.20,USD,1.1952
2026-02-02T12:50:58.150214Z,BMY,DIVIDEND,,,USD 2.14,USD,1.1873
