Date,Symbol,Type,Quantity,Price,Total Amount,Margin,Fees,Currency,FX Rate
2025-04-01T19:42:42.407624Z,,CASH TOP-UP,,,USD 100,,$0,USD,1.0814
2025-04-01T19:47:44.863Z,NVDA:CFD,SELL - MARKET,1,USD 109.46,USD 109.19,$21.89,$0,USD,1.0812
2025-04-01T19:47:44.881Z,,COMMISSION CHARGE,,USD 0,USD -0.27,,-$0.27,USD,1.0812
2025-04-02T13:05:44.444492Z,,CASH TOP-UP,,,USD 193.92,,$0,USD,1.0838
2025-04-02T13:33:50.486Z,TSLA:CFD,SELL - MARKET,1,USD 252.80,USD 252.17,$50.56,$0,USD,1.0841
2025-04-02T13:33:50.502Z,,COMMISSION CHARGE,,USD 0,USD -0.63,,-$0.63,USD,1.0841
2025-04-02T21:03:05.737Z,,OVERNIGHT FEE,,USD 0,USD 0.01,,$0.01,USD,1.0887
2025-04-03T21:03:13.461Z,,OVERNIGHT FEE,,USD 0,USD 0.01,,$0.01,USD,1.1080
2025-04-04T18:50:44.075Z,SPX500:CFD,SELL - MARKET,0.2,USD 5094.15,USD 1018.83,$50.94,$0,USD,1.0979
2025-04-04T21:02:58.059Z,,OVERNIGHT FEE,,USD 0,USD 0.14,,$0.14,USD,1.0964
2025-04-07T08:21:01.867Z,SPX500:CFD,BUY - MARKET,0.2,USD 4904.95,USD 980.99,$49.05,$0,USD,1.1013
2025-04-07T13:30:10.861Z,SPX500:CFD,SELL - MARKET,0.2,USD 4907.05,USD 981.41,$49.07,$0,USD,1.0991
2025-04-07T13:40:17.126193Z,,CASH TOP-UP,,,USD 280,,$0,USD,1.0988
2025-04-07T13:40:39.088Z,SPX500:CFD,SELL - MARKET,0.4,USD 4860.92,USD 1944.37,$97.22,$0,USD,1.0986
2025-04-07T13:50:16.091Z,GME:CFD,BUY - MARKET,10,USD 23.24,USD 232.98,$92.96,$0,USD,1.0963
2025-04-07T13:50:16.127Z,,COMMISSION CHARGE,,USD 0,USD -0.58,,-$0.58,USD,1.0963
2025-04-07T14:11:04.900Z,SPX500:CFD,BUY - MARKET,0.4,USD 5051.42,USD 2020.57,$101.03,$0,USD,1.0977
2025-04-07T14:11:11.052Z,SPX500:CFD,BUY - MARKET,0.2,USD 5064.80,USD 1012.96,$50.65,$0,USD,1.0974
2025-04-07T14:16:15.419Z,TSLA:CFD,BUY - MARKET,1,USD 245.46,USD 246.07,$49.09,$0,USD,1.0991
2025-04-07T14:16:15.435Z,,COMMISSION CHARGE,,USD 0,USD -0.61,,-$0.61,USD,1.0991
2025-04-07T14:16:20.870Z,NVDA:CFD,BUY - MARKET,1,USD 100.58,USD 100.83,$20.12,$0,USD,1.0989
2025-04-07T14:16:20.893Z,,COMMISSION CHARGE,,USD 0,USD -0.25,,-$0.25,USD,1.0989
2025-04-07T14:24:28.939Z,GME:CFD,SELL - MARKET,10,USD 23.75,USD 236.91,$95,$0,USD,1.0975
2025-04-07T14:24:28.958Z,,COMMISSION CHARGE,,USD 0,USD -0.59,,-$0.59,USD,1.0975
2025-04-07T14:38:16.121Z,SPX500:CFD,SELL - MARKET,0.2,USD 4973.50,USD 994.70,$49.74,$0,USD,1.0960
2025-04-07T14:42:14.158Z,SPX500:CFD,BUY - MARKET,0.2,USD 4965.50,USD 993.10,$49.66,$0,USD,1.0958
2025-04-07T14:46:30.349Z,SPX500:CFD,SELL - MARKET,0.2,USD 5014.50,USD 1002.90,$50.14,$0,USD,1.0954
2025-04-07T14:48:01.380Z,GME:CFD,BUY - MARKET,10,USD 23.57,USD 236.29,$94.28,$0,USD,1.0956
2025-04-07T14:48:01.394Z,,COMMISSION CHARGE,,USD 0,USD -0.59,,-$0.59,USD,1.0956
2025-04-07T15:27:48.125Z,SPX500:CFD,BUY - MARKET,0.2,USD 4959,USD 991.80,$49.59,$0,USD,1.0947
2025-04-07T21:03:45.900Z,,OVERNIGHT FEE,,USD 0,USD -0.05,,-$0.05,USD,1.0930
2025-04-08T06:33:15.910Z,SPX500:CFD,BUY - MARKET,0.2,USD 5126.10,USD 1025.22,$51.26,$0,USD,1.1004
2025-04-08T07:25:35.551Z,SPX500:CFD,SELL - LIMIT,0.2,USD 5150,USD 1030,$51.50,$0,USD,1.0982
2025-04-08T11:56:08.625Z,SPX500:CFD,SELL - MARKET,0.2,USD 5188.20,USD 1037.64,$51.88,$0,USD,1.0959
2025-04-08T14:10:15.961Z,SPX500:CFD,BUY - MARKET,0.2,USD 5258.50,USD 1051.70,$52.58,$0,USD,1.0943
2025-04-08T16:31:34.210Z,SPX500:CFD,BUY - LIMIT,0.2,USD 5130,USD 1026,$51.30,$0,USD,1.0934
2025-04-08T18:23:32.633Z,SPX500:CFD,SELL - MARKET,0.2,USD 5066.40,USD 1013.28,$50.66,$0,USD,1.0978
2025-04-08T18:23:50.846Z,SPX500:CFD,SELL - MARKET,0.2,USD 5063.10,USD 1012.62,$50.63,$0,USD,1.0974
2025-04-08T21:03:20.678Z,,OVERNIGHT FEE,,USD 0,USD -0.01,,-$0.01,USD,1.0989
2025-04-09T06:13:59.689Z,SPX500:CFD,SELL - MARKET,0.2,USD 4915.70,USD 983.14,$49.16,$0,USD,1.1073
2025-04-09T17:49:18.232Z,SPX500:CFD,BUY - MARKET,0.2,USD 5341.95,USD 1068.39,$53.42,$0,USD,1.1033
2025-04-09T17:49:24.154Z,SPX500:CFD,BUY - MARKET,0.2,USD 5343.85,USD 1068.77,$53.44,$0,USD,1.1033
2025-04-09T21:03:06.599Z,,OVERNIGHT FEE,,USD 0,USD -0.05,,-$0.05,USD,1.0976
2025-04-10T18:12:14.357Z,GME:CFD,BUY - MARKET,10,USD 25.05,USD 251.13,$100.20,$0,USD,1.1238
2025-04-10T18:12:14.372Z,,COMMISSION CHARGE,,USD 0,USD -0.63,,-$0.63,USD,1.1238
2025-04-10T21:03:10.658Z,,OVERNIGHT FEE,,USD 0,USD -0.10,,-$0.10,USD,1.1229
2025-04-11T18:27:38.216Z,GME:CFD,SELL - MARKET,10,USD 25.99,USD 259.25,$103.96,$0,USD,1.1332
2025-04-11T18:27:38.238Z,,COMMISSION CHARGE,,USD 0,USD -0.65,,-$0.65,USD,1.1332
2025-04-11T18:27:44.464Z,GME:CFD,SELL - MARKET,10,USD 25.99,USD 259.25,$103.96,$0,USD,1.1335
2025-04-11T18:27:44.484Z,,COMMISSION CHARGE,,USD 0,USD -0.65,,-$0.65,USD,1.1335
2025-04-14T08:18:00.833Z,SPX500:CFD,BUY - MARKET,0.2,USD 5435.70,USD 1087.14,$54.36,$0,USD,1.1422
2025-04-14T09:23:11.357Z,SPX500:CFD,SELL - MARKET,0.2,USD 5428.65,USD 1085.73,$54.29,$0,USD,1.1431
2025-04-14T09:23:28.519Z,SPX500:CFD,SELL - MARKET,0.2,USD 5428.95,USD 1085.79,$54.29,$0,USD,1.1432
2025-04-14T13:17:37.264Z,SPX500:CFD,BUY - MARKET,0.2,USD 5456.90,USD 1091.38,$54.57,$0,USD,1.1346
2025-04-14T13:52:51.025Z,GME:CFD,BUY - MARKET,15,USD 26.33,USD 395.94,$157.98,$0,USD,1.1351
2025-04-14T13:52:51.038Z,,COMMISSION CHARGE,,USD 0,USD -0.99,,-$0.99,USD,1.1351
2025-04-14T16:12:12.807Z,GME:CFD,SELL - MARKET,15,USD 26.20,USD 392.02,$157.20,$0,USD,1.1393
2025-04-14T16:12:12.826Z,,COMMISSION CHARGE,,USD 0,USD -0.98,,-$0.98,USD,1.1393
2025-04-14T18:13:07.905Z,GME:CFD,BUY - MARKET,15,USD 26.25,USD 394.73,$157.50,$0,USD,1.1365
2025-04-14T18:13:07.920Z,,COMMISSION CHARGE,,USD 0,USD -0.98,,-$0.98,USD,1.1365
2025-04-14T21:03:26.219Z,,OVERNIGHT FEE,,USD 0,USD -0.08,,-$0.08,USD,1.1376
2025-04-15T17:29:28.930Z,GME:CFD,SELL - STOP,15,USD 26.70,USD 399.50,$160.20,$0,USD,1.1303
2025-04-15T17:29:28.948Z,,COMMISSION CHARGE,,USD 0,USD -1,,-$1,USD,1.1303
2025-04-16T18:43:35.561Z,GME:CFD,SELL - MARKET,15,USD 25.92,USD 387.83,$155.52,$0,USD,1.1401
2025-04-16T18:43:35.575Z,,COMMISSION CHARGE,,USD 0,USD -0.97,,-$0.97,USD,1.1401
2025-04-16T21:03:39.033Z,,OVERNIGHT FEE,,USD 0,USD 0.01,,$0.01,USD,1.1423
2025-04-17T13:52:57.709Z,GME:CFD,BUY - MARKET,15,USD 26.75,USD 402.25,$160.50,$0,USD,1.1382
2025-04-17T13:52:57.732Z,,COMMISSION CHARGE,,USD 0,USD -1,,-$1,USD,1.1382
2025-04-17T16:53:10.085Z,GME:CFD,BUY - MARKET,15,USD 27.05,USD 406.76,$162.30,$0,USD,1.1375
2025-04-17T16:53:10.099Z,,COMMISSION CHARGE,,USD 0,USD -1.01,,-$1.01,USD,1.1375
2025-04-17T21:03:53.577Z,,OVERNIGHT FEE,,USD 0,USD -0.08,,-$0.08,USD,1.1397
2025-04-18T21:04:05.086Z,,OVERNIGHT FEE,,USD 0,USD -0.24,,-$0.24,USD,1.1414
2025-04-21T18:57:20.720Z,GME:CFD,BUY - MARKET,15,USD 25.93,USD 389.92,$155.58,$0,USD,1.1543
2025-04-21T18:57:20.734Z,,COMMISSION CHARGE,,USD 0,USD -0.97,,-$0.97,USD,1.1543
2025-04-21T21:03:25.785Z,,OVERNIGHT FEE,,USD 0,USD -0.16,,-$0.16,USD,1.1541
2025-04-22T21:03:35.594Z,,OVERNIGHT FEE,,USD 0,USD -0.16,,-$0.16,USD,1.1449
2025-04-23T15:06:23.951Z,GME:CFD,SELL - MARKET,15,USD 27.44,USD 410.57,$164.64,$0,USD,1.1377
2025-04-23T15:06:23.974Z,,COMMISSION CHARGE,,USD 0,USD -1.03,,-$1.03,USD,1.1377
2025-04-23T15:06:29.316Z,GME:CFD,SELL - MARKET,15,USD 27.46,USD 410.87,$164.76,$0,USD,1.1377
2025-04-23T15:06:29.337Z,,COMMISSION CHARGE,,USD 0,USD -1.03,,-$1.03,USD,1.1377
2025-04-24T15:13:24.197Z,GME:CFD,BUY - MARKET,10,USD 27.52,USD 275.89,$110.08,$0,USD,1.1394
2025-04-24T15:13:24.207Z,,COMMISSION CHARGE,,USD 0,USD -0.69,,-$0.69,USD,1.1394
2025-04-24T19:26:34.982Z,GME:CFD,BUY - LIMIT,10,USD 27,USD 270.68,$108,$0,USD,1.1411
2025-04-24T19:26:34.993Z,,COMMISSION CHARGE,,USD 0,USD -0.68,,-$0.68,USD,1.1411
2025-04-24T21:03:13.385Z,,OVERNIGHT FEE,,USD 0,USD -0.10,,-$0.10,USD,1.1413
2025-04-25T21:03:17.459Z,,OVERNIGHT FEE,,USD 0,USD -0.32,,-$0.32,USD,1.1392
2025-04-28T22:36:00.423Z,,OVERNIGHT FEE,,USD 0,USD -0.12,,-$0.12,USD,1.1439
2025-04-29T21:45:39.757Z,,OVERNIGHT FEE,,USD 0,USD -0.12,,-$0.12,USD,1.1407
2025-04-30T21:16:39.712Z,,OVERNIGHT FEE,,USD 0,USD -0.12,,-$0.12,USD,1.1352
2025-05-01T21:11:23.434Z,,OVERNIGHT FEE,,USD 0,USD -0.12,,-$0.12,USD,1.1311
2025-05-02T21:02:05.234Z,,OVERNIGHT FEE,,USD 0,USD -0.34,,-$0.34,USD,1.1318
2025-05-05T14:53:30.538Z,GME:CFD,BUY - LIMIT,10,USD 26.50,USD 265.66,$106,$0,USD,1.1361
2025-05-05T14:53:30.557Z,,COMMISSION CHARGE,,USD 0,USD -0.66,,-$0.66,USD,1.1361
2025-05-05T21:02:11.059Z,,OVERNIGHT FEE,,USD 0,USD -0.15,,-$0.15,USD,1.1338
2025-05-06T21:02:20.433Z,,OVERNIGHT FEE,,USD 0,USD -0.15,,-$0.15,USD,1.1398
2025-05-07T21:02:12.681Z,,OVERNIGHT FEE,,USD 0,USD -0.15,,-$0.15,USD,1.1333
2025-05-08T21:02:18.302Z,,OVERNIGHT FEE,,USD 0,USD -0.15,,-$0.15,USD,1.1250
2025-05-09T06:11:40.661900Z,,CASH TOP-UP,,,USD 100,,$0,USD,1.1260
2025-05-09T19:51:38.204Z,GME:CFD,SELL - MARKET,10,USD 27.47,USD 274.01,$109.88,$0,USD,1.1280
2025-05-09T19:51:38.221Z,,COMMISSION CHARGE,,USD 0,USD -0.69,,-$0.69,USD,1.1280
2025-05-09T19:51:45.067Z,GME:CFD,SELL - MARKET,10,USD 27.51,USD 274.41,$110.04,$0,USD,1.1280
2025-05-09T19:51:45.112Z,,COMMISSION CHARGE,,USD 0,USD -0.69,,-$0.69,USD,1.1280
2025-05-09T19:51:53.261Z,GME:CFD,SELL - MARKET,10,USD 27.51,USD 274.41,$110.04,$0,USD,1.1279
2025-05-09T19:51:53.282Z,,COMMISSION CHARGE,,USD 0,USD -0.69,,-$0.69,USD,1.1279
2025-05-09T19:53:07.641Z,MSTR:CFD,BUY - MARKET,2,USD 413.63,USD 829.33,$165.45,$0,USD,1.1280
2025-05-09T19:53:07.654Z,,COMMISSION CHARGE,,USD 0,USD -2.07,,-$2.07,USD,1.1280
2025-05-09T21:02:15.155Z,,OVERNIGHT FEE,,USD 0,USD -0.50,,-$0.50,USD,1.1271
2025-05-12T13:35:22.129Z,GME:CFD,BUY - LIMIT,10,USD 27.50,USD 275.69,$110,$0,USD,1.1153
2025-05-12T13:35:22.156Z,,COMMISSION CHARGE,,USD 0,USD -0.69,,-$0.69,USD,1.1153
2025-05-13T05:39:08.022Z,,OVERNIGHT FEE,,USD 0,USD -0.22,,-$0.22,USD,1.1135
2025-05-13T05:40:48.251Z,,OVERNIGHT FEE,,USD 0,USD 0.22,,$0.22,USD,1.1136
2025-05-13T08:03:58.493Z,,OVERNIGHT FEE,,USD 0,USD -0.22,,-$0.22,USD,1.1137
2025-05-13T21:01:57.193Z,,OVERNIGHT FEE,,USD 0,USD -0.23,,-$0.23,USD,1.1212
2025-05-14T21:02:13.701Z,,OVERNIGHT FEE,,USD 0,USD -0.23,,-$0.23,USD,1.1197
2025-05-15T21:02:07.180Z,,OVERNIGHT FEE,,USD 0,USD -0.22,,-$0.22,USD,1.1215
2025-05-16T21:01:54.913Z,,OVERNIGHT FEE,,USD 0,USD -0.65,,-$0.65,USD,1.1174
2025-05-19T21:02:02.035Z,,OVERNIGHT FEE,,USD 0,USD -0.23,,-$0.23,USD,1.1270
2025-05-20T21:02:05.918Z,,OVERNIGHT FEE,,USD 0,USD -0.23,,-$0.23,USD,1.1310
2025-05-21T21:01:58.207Z,,OVERNIGHT FEE,,USD 0,USD -0.22,,-$0.22,USD,1.1361
2025-05-22T21:01:55.399Z,,OVERNIGHT FEE,,USD 0,USD -0.22,,-$0.22,USD,1.1308
2025-05-23T19:51:50.530Z,GME:CFD,SELL - MARKET,10,USD 32.91,USD 328.28,$131.64,$0,USD,1.1389
2025-05-23T19:51:50.550Z,,COMMISSION CHARGE,,USD 0,USD -0.82,,-$0.82,USD,1.1389
2025-05-23T21:02:00.730Z,,OVERNIGHT FEE,,USD 0,USD -0.44,,-$0.44,USD,1.1389
2025-05-26T21:01:54.983Z,,OVERNIGHT FEE,,USD 0,USD -0.15,,-$0.15,USD,1.1416
2025-05-27T21:01:53.155Z,,OVERNIGHT FEE,,USD 0,USD -0.15,,-$0.15,USD,1.1359
2025-05-28T21:02:05.113Z,,OVERNIGHT FEE,,USD 0,USD -0.15,,-$0.15,USD,1.1322
2025-05-29T21:02:00.992Z,,OVERNIGHT FEE,,USD 0,USD -0.15,,-$0.15,USD,1.1399
2025-05-30T21:01:46.647Z,,OVERNIGHT FEE,,USD 0,USD -0.44,,-$0.44,USD,1.1371
2025-06-02T21:01:52.495Z,,OVERNIGHT FEE,,USD 0,USD -0.15,,-$0.15,USD,1.1470
2025-06-03T21:01:56.950Z,,OVERNIGHT FEE,,USD 0,USD -0.16,,-$0.16,USD,1.1401
2025-06-04T21:02:02.725Z,,OVERNIGHT FEE,,USD 0,USD -0.15,,-$0.15,USD,1.1444
2025-06-05T21:01:56.340Z,,OVERNIGHT FEE,,USD 0,USD -0.15,,-$0.15,USD,1.1473
2025-06-06T21:01:49.411Z,,OVERNIGHT FEE,,USD 0,USD -0.45,,-$0.45,USD,1.1419
2025-06-09T19:00:38.565Z,GME:CFD,BUY - MARKET,10,USD 29.88,USD 299.55,$119.52,$0,USD,1.1452
2025-06-09T19:00:38.579Z,,COMMISSION CHARGE,,USD 0,USD -0.75,,-$0.75,USD,1.1452
2025-06-09T21:02:11.223Z,,OVERNIGHT FEE,,USD 0,USD -0.22,,-$0.22,USD,1.1450
2025-06-10T21:02:14.828Z,,OVERNIGHT FEE,,USD 0,USD -0.22,,-$0.22,USD,1.1455
2025-06-11T21:02:11.858Z,,OVERNIGHT FEE,,USD 0,USD -0.21,,-$0.21,USD,1.1515
2025-06-12T21:02:20.734Z,,OVERNIGHT FEE,,USD 0,USD -0.19,,-$0.19,USD,1.1615
2025-06-13T21:02:10.525Z,,OVERNIGHT FEE,,USD 0,USD -0.59,,-$0.59,USD,1.1566
2025-06-16T21:01:10.671Z,,OVERNIGHT FEE,,USD 0,USD -0.20,,-$0.20,USD,1.1595
2025-06-17T21:01:08.317Z,,OVERNIGHT FEE,,USD 0,USD -0.20,,-$0.20,USD,1.1513
2025-06-18T21:01:11.484Z,,OVERNIGHT FEE,,USD 0,USD -0.20,,-$0.20,USD,1.1508
2025-06-19T21:01:07.833Z,,OVERNIGHT FEE,,USD 0,USD -0.20,,-$0.20,USD,1.1524
2025-06-20T21:01:08.262Z,,OVERNIGHT FEE,,USD 0,USD -0.58,,-$0.58,USD,1.1546
2025-06-23T21:01:07.295Z,,OVERNIGHT FEE,,USD 0,USD -0.20,,-$0.20,USD,1.1607
2025-06-24T21:01:09.173Z,,OVERNIGHT FEE,,USD 0,USD -0.20,,-$0.20,USD,1.1644
2025-06-25T21:01:16.462Z,,OVERNIGHT FEE,,USD 0,USD -0.21,,-$0.21,USD,1.1687
2025-06-26T21:01:11.031Z,,OVERNIGHT FEE,,USD 0,USD -0.21,,-$0.21,USD,1.1730
2025-06-27T21:00:57.349Z,,OVERNIGHT FEE,,USD 0,USD -0.61,,-$0.61,USD,1.1743
2025-06-30T21:00:57.400Z,,OVERNIGHT FEE,,USD 0,USD -0.21,,-$0.21,USD,1.1816
2025-07-01T21:00:59.588Z,,OVERNIGHT FEE,,USD 0,USD -0.20,,-$0.20,USD,1.1834
2025-07-02T21:01:04.719Z,,OVERNIGHT FEE,,USD 0,USD -0.21,,-$0.21,USD,1.1827
2025-07-03T21:01:05.285Z,,OVERNIGHT FEE,,USD 0,USD -0.21,,-$0.21,USD,1.1788
2025-07-04T21:00:59.852Z,,OVERNIGHT FEE,,USD 0,USD -0.63,,-$0.63,USD,1.1809
2025-07-07T21:01:03.806Z,,OVERNIGHT FEE,,USD 0,USD -0.21,,-$0.21,USD,1.1740
2025-07-08T21:01:08.633Z,,OVERNIGHT FEE,,USD 0,USD -0.21,,-$0.21,USD,1.1757
2025-07-09T21:01:02.062Z,,OVERNIGHT FEE,,USD 0,USD -0.22,,-$0.22,USD,1.1751
2025-07-10T21:01:04.162Z,,OVERNIGHT FEE,,USD 0,USD -0.22,,-$0.22,USD,1.1729
2025-07-11T21:01:00.971Z,,OVERNIGHT FEE,,USD 0,USD -0.66,,-$0.66,USD,1.1711
2025-07-14T21:01:00.741Z,,OVERNIGHT FEE,,USD 0,USD -0.23,,-$0.23,USD,1.1694
2025-07-15T21:01:05.150Z,,OVERNIGHT FEE,,USD 0,USD -0.23,,-$0.23,USD,1.1629
2025-07-16T21:01:02.675Z,,OVERNIGHT FEE,,USD 0,USD -0.23,,-$0.23,USD,1.1673
2025-07-17T21:00:58.846Z,,OVERNIGHT FEE,,USD 0,USD -0.23,,-$0.23,USD,1.1626
2025-07-18T21:01:06.318Z,,OVERNIGHT FEE,,USD 0,USD -0.65,,-$0.65,USD,1.1658
2025-07-21T21:01:03.852Z,,OVERNIGHT FEE,,USD 0,USD -0.22,,-$0.22,USD,1.1721
2025-07-22T21:01:01.155Z,,OVERNIGHT FEE,,USD 0,USD -0.22,,-$0.22,USD,1.1782
2025-07-23T21:01:06.468Z,,OVERNIGHT FEE,,USD 0,USD -0.21,,-$0.21,USD,1.1799
2025-07-24T21:01:04.184Z,,OVERNIGHT FEE,,USD 0,USD -0.22,,-$0.22,USD,1.1781
2025-07-25T21:01:02.297Z,,OVERNIGHT FEE,,USD 0,USD -0.63,,-$0.63,USD,1.1773
2025-07-28T21:00:50.359Z,,OVERNIGHT FEE,,USD 0,USD -0.21,,-$0.21,USD,1.1617
2025-07-29T21:00:49.483Z,,OVERNIGHT FEE,,USD 0,USD -0.21,,-$0.21,USD,1.1575
2025-07-30T21:00:53.076Z,,OVERNIGHT FEE,,USD 0,USD -0.21,,-$0.21,USD,1.1434
2025-07-31T21:00:48.393Z,,OVERNIGHT FEE,,USD 0,USD -0.20,,-$0.20,USD,1.1445
2025-08-01T21:01:02.851Z,,OVERNIGHT FEE,,USD 0,USD -0.58,,-$0.58,USD,1.1620
2025-08-04T21:00:48.446Z,,OVERNIGHT FEE,,USD 0,USD -0.21,,-$0.21,USD,1.1602
2025-08-05T21:00:47.553Z,,OVERNIGHT FEE,,USD 0,USD -0.20,,-$0.20,USD,1.1603
2025-08-06T21:00:47.346Z,,OVERNIGHT FEE,,USD 0,USD -0.20,,-$0.20,USD,1.1688
2025-08-07T21:01:07.121Z,,OVERNIGHT FEE,,USD 0,USD -0.21,,-$0.21,USD,1.1695
2025-08-08T21:01:03.470Z,,OVERNIGHT FEE,,USD 0,USD -0.61,,-$0.61,USD,1.1678
2025-08-11T21:00:59.113Z,,OVERNIGHT FEE,,USD 0,USD -0.21,,-$0.21,USD,1.1645
2025-08-12T21:01:02.526Z,,OVERNIGHT FEE,,USD 0,USD -0.21,,-$0.21,USD,1.1706
2025-08-13T21:00:57.404Z,,OVERNIGHT FEE,,USD 0,USD -0.21,,-$0.21,USD,1.1736
2025-08-14T21:01:01.107Z,,OVERNIGHT FEE,,USD 0,USD -0.20,,-$0.20,USD,1.1677
2025-08-15T21:01:04.273Z,,OVERNIGHT FEE,,USD 0,USD -0.58,,-$0.58,USD,1.1739
2025-08-18T21:00:56.572Z,,OVERNIGHT FEE,,USD 0,USD -0.20,,-$0.20,USD,1.1694
2025-08-19T21:00:55.985Z,,OVERNIGHT FEE,,USD 0,USD -0.19,,-$0.19,USD,1.1677
2025-08-20T21:00:51.513Z,,OVERNIGHT FEE,,USD 0,USD -0.19,,-$0.19,USD,1.1682
2025-08-21T21:00:54.143Z,,OVERNIGHT FEE,,USD 0,USD -0.19,,-$0.19,USD,1.1637
2025-08-22T21:00:54.041Z,,OVERNIGHT FEE,,USD 0,USD -0.57,,-$0.57,USD,1.1761
2025-08-25T21:00:55.376Z,,OVERNIGHT FEE,,USD 0,USD -0.19,,-$0.19,USD,1.1646
2025-08-26T21:00:51.314Z,,OVERNIGHT FEE,,USD 0,USD -0.19,,-$0.19,USD,1.1678
2025-08-27T21:00:48.922Z,,OVERNIGHT FEE,,USD 0,USD -0.19,,-$0.19,USD,1.1670
2025-08-28T21:00:51.790Z,,OVERNIGHT FEE,,USD 0,USD -0.19,,-$0.19,USD,1.1712
2025-08-29T21:00:53.826Z,,OVERNIGHT FEE,,USD 0,USD -0.54,,-$0.54,USD,1.1732
2025-09-01T21:00:58.515Z,,OVERNIGHT FEE,,USD 0,USD -0.18,,-$0.18,USD,1.1737
2025-09-02T21:02:26.995Z,,OVERNIGHT FEE,,USD 0,USD -0.19,,-$0.19,USD,1.1675
2025-09-03T21:00:55.481Z,,OVERNIGHT FEE,,USD 0,USD -0.18,,-$0.18,USD,1.1690
2025-09-04T21:00:54.452Z,,OVERNIGHT FEE,,USD 0,USD -0.18,,-$0.18,USD,1.1678
2025-09-05T21:00:52.342Z,,OVERNIGHT FEE,,USD 0,USD -0.55,,-$0.55,USD,1.1757
2025-09-08T21:00:52.641Z,,OVERNIGHT FEE,,USD 0,USD -0.18,,-$0.18,USD,1.1791
2025-09-09T21:00:55.641Z,,OVERNIGHT FEE,,USD 0,USD -0.18,,-$0.18,USD,1.1737
2025-09-10T21:00:58.821Z,,OVERNIGHT FEE,,USD 0,USD -0.18,,-$0.18,USD,1.1722
2025-09-11T21:00:52.832Z,,OVERNIGHT FEE,,USD 0,USD -0.18,,-$0.18,USD,1.1764
2025-09-12T21:00:49.677Z,,OVERNIGHT FEE,,USD 0,USD -0.55,,-$0.55,USD,1.1770
2025-09-15T21:00:52.562Z,,OVERNIGHT FEE,,USD 0,USD -0.18,,-$0.18,USD,1.1790
2025-09-16T21:00:55.865Z,,OVERNIGHT FEE,,USD 0,USD -0.19,,-$0.19,USD,1.1898
2025-09-17T21:01:02.172Z,,OVERNIGHT FEE,,USD 0,USD -0.18,,-$0.18,USD,1.1841
2025-09-18T21:00:59.430Z,,OVERNIGHT FEE,,USD 0,USD -0.19,,-$0.19,USD,1.1821
2025-09-19T21:00:56.664Z,,OVERNIGHT FEE,,USD 0,USD -0.55,,-$0.55,USD,1.1782
2025-09-22T21:00:54.563Z,,OVERNIGHT FEE,,USD 0,USD -0.18,,-$0.18,USD,1.1834
2025-09-23T21:00:54.681Z,,OVERNIGHT FEE,,USD 0,USD -0.18,,-$0.18,USD,1.1842
2025-09-24T21:01:01.410Z,,OVERNIGHT FEE,,USD 0,USD -0.18,,-$0.18,USD,1.1767
2025-09-25T21:00:54.929Z,,OVERNIGHT FEE,,USD 0,USD -0.17,,-$0.17,USD,1.1697
2025-09-26T21:01:00.324Z,,OVERNIGHT FEE,,USD 0,USD -0.52,,-$0.52,USD,1.1742
2025-09-29T21:00:53.829Z,,OVERNIGHT FEE,,USD 0,USD -0.18,,-$0.18,USD,1.1755
2025-09-30T21:01:09.964Z,,OVERNIGHT FEE,,USD 0,USD -0.18,,-$0.18,USD,1.1764
2025-10-01T21:01:01.020Z,,OVERNIGHT FEE,,USD 0,USD -0.18,,-$0.18,USD,1.1762
2025-10-02T21:00:58.370Z,,OVERNIGHT FEE,,USD 0,USD -0.19,,-$0.19,USD,1.1744
2025-10-03T00:20:53.642Z,GMEWS:CFD,BUY - MARKET,1,USD 0,USD 0,$0,$0,USD,1.1750
2025-10-03T21:00:56.930Z,,OVERNIGHT FEE,,USD 0,USD -0.57,,-$0.57,USD,1.1780
2025-10-06T21:00:53.898Z,,OVERNIGHT FEE,,USD 0,USD -0.19,,-$0.19,USD,1.1742
2025-10-07T21:00:59.654Z,,OVERNIGHT FEE,,USD 0,USD -0.18,,-$0.18,USD,1.1684
2025-10-08T21:01:02.347Z,,OVERNIGHT FEE,,USD 0,USD -0.18,,-$0.18,USD,1.1659
2025-10-09T21:00:58.774Z,,OVERNIGHT FEE,,USD 0,USD -0.18,,-$0.18,USD,1.1596
2025-10-10T21:00:57.070Z,,OVERNIGHT FEE,,USD 0,USD -0.49,,-$0.49,USD,1.1647
2025-10-13T21:00:50.700Z,,OVERNIGHT FEE,,USD 0,USD -0.17,,-$0.17,USD,1.1598
2025-10-14T21:01:09.150Z,,OVERNIGHT FEE,,USD 0,USD -0.17,,-$0.17,USD,1.1635
2025-10-15T21:01:08.037Z,,OVERNIGHT FEE,,USD 0,USD -0.17,,-$0.17,USD,1.1673
2025-10-16T21:01:03.834Z,,OVERNIGHT FEE,,USD 0,USD -0.16,,-$0.16,USD,1.1715
2025-10-17T21:01:05.161Z,,OVERNIGHT FEE,,USD 0,USD -0.49,,-$0.49,USD,1.1704
2025-10-20T21:00:58.251Z,,OVERNIGHT FEE,,USD 0,USD -0.17,,-$0.17,USD,1.1669
2025-10-21T21:01:02.237Z,,OVERNIGHT FEE,,USD 0,USD -0.16,,-$0.16,USD,1.1627
2025-10-22T21:00:59.754Z,,OVERNIGHT FEE,,USD 0,USD -0.15,,-$0.15,USD,1.1640
2025-10-23T21:01:04.249Z,,OVERNIGHT FEE,,USD 0,USD -0.16,,-$0.16,USD,1.1645
2025-10-24T21:01:00.700Z,,OVERNIGHT FEE,,USD 0,USD -0.49,,-$0.49,USD,1.1670
2025-10-27T21:01:09.691Z,,OVERNIGHT FEE,,USD 0,USD -0.17,,-$0.17,USD,1.1672
2025-10-28T21:01:03.897Z,,OVERNIGHT FEE,,USD 0,USD -0.16,,-$0.16,USD,1.1679
2025-10-29T21:00:59.808Z,,OVERNIGHT FEE,,USD 0,USD -0.16,,-$0.16,USD,1.1628
2025-10-30T18:40:53.741Z,MSTR:CFD,SELL - MARKET,2,USD 260.10,USD 518.90,$104.04,$0,USD,1.1596
2025-10-30T18:40:54.046Z,,COMMISSION CHARGE,,USD 0,USD -1.30,,-$1.30,USD,1.1596
2025-10-30T18:41:00.264Z,GME:CFD,SELL - MARKET,10,USD 22.84,USD 227.83,$91.36,$0,USD,1.1596
2025-10-30T18:41:00.282Z,,COMMISSION CHARGE,,USD 0,USD -0.57,,-$0.57,USD,1.1596
2025-11-03T19:43:56.625Z,PLTR:CFD,BUY - MARKET,3,USD 206.04,USD 619.67,$123.62,$0,USD,1.1543
2025-11-03T19:43:56.644Z,,COMMISSION CHARGE,,USD 0,USD -1.55,,-$1.55,USD,1.1543
2025-11-03T21:05:00.214Z,PLTR:CFD,SELL - LIMIT,3,USD 216.04,USD 646.50,$129.62,$0,USD,1.1544
2025-11-03T21:05:00.214Z,,COMMISSION CHARGE,,USD 0,USD -1.62,,-$1.62,USD,1.1544
2025-11-04T11:01:49.614Z,PFE:CFD,SELL - MARKET,35,USD 24.60,USD 858.85,$172.20,$0,USD,1.1530
2025-11-04T11:01:49.633Z,,COMMISSION CHARGE,,USD 0,USD -2.15,,-$2.15,USD,1.1530
2025-11-04T11:45:17.036Z,PFE:CFD,BUY - STOP,35,USD 25.04,USD 878.59,$175.28,$0,USD,1.1522
2025-11-04T11:45:17.036Z,,COMMISSION CHARGE,,USD 0,USD -2.19,,-$2.19,USD,1.1522
2025-11-04T12:12:36.517Z,PFE:CFD,SELL - MARKET,30,USD 24.49,USD 732.86,$146.94,$0,USD,1.1518
2025-11-04T12:12:36.532Z,,COMMISSION CHARGE,,USD 0,USD -1.84,,-$1.84,USD,1.1518
2025-11-04T17:39:30.682Z,PFE:CFD,BUY - MARKET,30,USD 24.71,USD 743.15,$148.26,$0,USD,1.1511
2025-11-04T17:39:30.703Z,,COMMISSION CHARGE,,USD 0,USD -1.85,,-$1.85,USD,1.1511
2025-11-04T17:46:41.267Z,AMD:CFD,BUY - MARKET,2,USD 254.51,USD 510.29,$101.80,$0,USD,1.1511
2025-11-04T17:46:41.279Z,,COMMISSION CHARGE,,USD 0,USD -1.27,,-$1.27,USD,1.1511
2025-11-04T21:00:31.617Z,AMD:CFD,SELL - STOP,2,USD 249.25,USD 497.25,$99.70,$0,USD,1.1507
2025-11-04T21:00:31.617Z,,COMMISSION CHARGE,,USD 0,USD -1.25,,-$1.25,USD,1.1507
2025-11-05T19:56:52.003Z,RKLB:CFD,BUY - MARKET,8,USD 56.57,USD 453.69,$113.14,$0,USD,1.1513
2025-11-05T19:56:52.019Z,,COMMISSION CHARGE,,USD 0,USD -1.13,,-$1.13,USD,1.1513
2025-11-05T22:00:59.058Z,,OVERNIGHT FEE,,USD 0,USD -0.09,,-$0.09,USD,1.1519
2025-11-06T14:55:21.610Z,RKLB:CFD,SELL - STOP,8,USD 54.59,USD 435.63,$109.18,$0,USD,1.1550
2025-11-06T14:55:21.610Z,,COMMISSION CHARGE,,USD 0,USD -1.09,,-$1.09,USD,1.1550
2025-11-07T12:25:49.742Z,RKLB:CFD,SELL - MARKET,9,USD 48.09,USD 431.73,$108.20,$0,USD,1.1589
2025-11-07T12:25:49.760Z,,COMMISSION CHARGE,,USD 0,USD -1.08,,-$1.08,USD,1.1589
2025-11-07T19:36:02.353Z,RKLB:CFD,BUY - MARKET,9,USD 51.19,USD 461.86,$115.18,$0,USD,1.1598
2025-11-07T19:36:02.374Z,,COMMISSION CHARGE,,USD 0,USD -1.15,,-$1.15,USD,1.1598
2025-11-10T13:37:53.393Z,RKLB:CFD,BUY - MARKET,3,USD 55,USD 165.41,$41.25,$0,USD,1.1598
2025-11-10T13:37:53.410Z,,COMMISSION CHARGE,,USD 0,USD -0.41,,-$0.41,USD,1.1598
2025-11-10T22:01:01.545Z,,OVERNIGHT FEE,,USD 0,USD -0.03,,-$0.03,USD,1.1587
2025-11-11T22:01:05.630Z,,OVERNIGHT FEE,,USD 0,USD -0.03,,-$0.03,USD,1.1614
2025-11-12T19:07:21.875Z,RKLB:CFD,SELL - STOP,3,USD 50,USD 149.62,$37.50,$0,USD,1.1615
2025-11-12T19:07:21.875Z,,COMMISSION CHARGE,,USD 0,USD -0.38,,-$0.38,USD,1.1615
2025-11-21T07:12:02.349Z,RKLB:CFD,SELL - MARKET,7,USD 39.57,USD 276.30,$69.25,$0,USD,1.1571
2025-11-21T07:12:02.369Z,,COMMISSION CHARGE,,USD 0,USD -0.69,,-$0.69,USD,1.1571
2025-11-21T07:45:42.940003Z,,CASH TOP-UP,,,USD 200,,$0,USD,1.1572
2025-11-21T07:47:18.013Z,SPY:CFD,SELL - MARKET,1,USD 653.01,USD 651.38,$130.60,$0,USD,1.1571
2025-11-21T07:47:18.044Z,,COMMISSION CHARGE,,USD 0,USD -1.63,,-$1.63,USD,1.1571
2025-11-21T07:49:21.438739Z,,CASH TOP-UP,,,USD 200,,$0,USD,1.1574
2025-11-21T07:54:14.674147Z,,CASH TOP-UP,,,USD 200,,$0,USD,1.1572
2025-11-21T12:45:41.904Z,VIXY:CFD,BUY - LIMIT,12,USD 37.23,USD 447.88,$156.37,$0,USD,1.1546
2025-11-21T12:45:41.917Z,,COMMISSION CHARGE,,USD 0,USD -1.12,,-$1.12,USD,1.1546
2025-11-21T19:47:32.561Z,RKLB:CFD,BUY - MARKET,7,USD 40.50,USD 284.21,$70.88,$0,USD,1.1548
2025-11-21T19:47:32.584Z,,COMMISSION CHARGE,,USD 0,USD -0.71,,-$0.71,USD,1.1548
2025-11-21T19:47:38.668Z,VIXY:CFD,SELL - MARKET,12,USD 36.51,USD 437.02,$153.34,$0,USD,1.1548
2025-11-21T19:47:38.688Z,,COMMISSION CHARGE,,USD 0,USD -1.10,,-$1.10,USD,1.1548
2025-11-21T19:47:45.179Z,SPY:CFD,BUY - MARKET,1,USD 662.18,USD 663.84,$132.44,$0,USD,1.1548
2025-11-21T19:47:45.200Z,,COMMISSION CHARGE,,USD 0,USD -1.66,,-$1.66,USD,1.1548
2025-11-25T17:16:39.686Z,VIXY:CFD,SELL - MARKET,30,USD 33.26,USD 995.31,$349.23,$0,USD,1.1591
2025-11-25T17:16:39.705Z,,COMMISSION CHARGE,,USD 0,USD -2.49,,-$2.49,USD,1.1591
2025-11-25T20:43:14.278Z,VIXY:CFD,BUY - LIMIT,30,USD 32.70,USD 983.45,$343.35,$0,USD,1.1589
2025-11-25T20:43:14.278Z,,COMMISSION CHARGE,,USD 0,USD -2.45,,-$2.45,USD,1.1589
2025-11-26T15:56:18.434Z,VIXY:CFD,SELL - MARKET,30,USD 32.13,USD 961.49,$337.36,$0,USD,1.1612
2025-11-26T15:56:18.449Z,,COMMISSION CHARGE,,USD 0,USD -2.41,,-$2.41,USD,1.1612
2025-11-26T20:37:44.028Z,VIXY:CFD,BUY - MARKET,30,USD 31.74,USD 954.58,$333.27,$0,USD,1.1623
2025-11-26T20:37:44.050Z,,COMMISSION CHARGE,,USD 0,USD -2.38,,-$2.38,USD,1.1623
2025-11-28T12:29:59.215Z,GME:CFD,BUY - MARKET,25,USD 22.31,USD 559.14,$223.10,$0,USD,1.1598
2025-11-28T12:29:59.227Z,,COMMISSION CHARGE,,USD 0,USD -1.39,,-$1.39,USD,1.1598
2025-11-28T22:01:01.506Z,,OVERNIGHT FEE,,USD 0,USD -0.33,,-$0.33,USD,1.1639
2025-12-01T21:45:13.666Z,GME:CFD,SELL - MARKET,25,USD 22.82,USD 569.07,$228.20,$0,USD,1.1635
2025-12-01T21:45:13.689Z,,COMMISSION CHARGE,,USD 0,USD -1.43,,-$1.43,USD,1.1635
2025-12-02T14:30:21.191Z,GME:CFD,BUY - LIMIT,25,USD 22.77,USD 570.67,$227.70,$0,USD,1.1643
2025-12-02T14:30:21.205Z,,COMMISSION CHARGE,,USD 0,USD -1.42,,-$1.42,USD,1.1643
2025-12-02T19:54:37.956Z,GME:CFD,SELL - STOP,25,USD 22.97,USD 572.81,$229.70,$0,USD,1.1642
2025-12-02T19:54:37.956Z,,COMMISSION CHARGE,,USD 0,USD -1.44,,-$1.44,USD,1.1642
2025-12-03T14:02:53.314Z,GME:CFD,BUY - LIMIT,25,USD 22.90,USD 573.93,$229,$0,USD,1.1691
2025-12-03T14:02:53.328Z,,COMMISSION CHARGE,,USD 0,USD -1.43,,-$1.43,USD,1.1691
2025-12-03T20:58:51.321Z,GME:CFD,SELL - MARKET,25,USD 23.21,USD 578.80,$232.10,$0,USD,1.1692
2025-12-03T20:58:51.346Z,,COMMISSION CHARGE,,USD 0,USD -1.45,,-$1.45,USD,1.1692
2025-12-04T17:33:36.531Z,GME:CFD,BUY - LIMIT,30,USD 23.10,USD 694.73,$277.20,$0,USD,1.1681
2025-12-04T17:33:36.544Z,,COMMISSION CHARGE,,USD 0,USD -1.73,,-$1.73,USD,1.1681
2025-12-04T22:01:17.507Z,,OVERNIGHT FEE,,USD 0,USD -0.13,,-$0.13,USD,1.1673
2025-12-05T14:51:43.379Z,GME:CFD,SELL - STOP,30,USD 22.60,USD 676.30,$271.20,$0,USD,1.1682
2025-12-05T14:51:43.379Z,,COMMISSION CHARGE,,USD 0,USD -1.70,,-$1.70,USD,1.1682
2025-12-05T15:03:39.703Z,GME:CFD,BUY - MARKET,30,USD 22.75,USD 684.21,$273,$0,USD,1.1673
2025-12-05T15:03:39.736Z,,COMMISSION CHARGE,,USD 0,USD -1.71,,-$1.71,USD,1.1673
2025-12-05T22:01:13.237Z,,OVERNIGHT FEE,,USD 0,USD -0.39,,-$0.39,USD,1.1683
2025-12-08T22:01:07.796Z,,OVERNIGHT FEE,,USD 0,USD -0.13,,-$0.13,USD,1.1664
2025-12-09T21:02:00.147Z,GME:CFD,SELL - STOP,30,USD 22.54,USD 674.51,$270.48,$0,USD,1.1653
2025-12-09T21:02:00.147Z,,COMMISSION CHARGE,,USD 0,USD -1.69,,-$1.69,USD,1.1653
2025-12-10T09:55:41.803Z,GME:CFD,BUY - MARKET,30,USD 21.73,USD 653.53,$260.76,$0,USD,1.1664
2025-12-10T09:55:41.831Z,,COMMISSION CHARGE,,USD 0,USD -1.63,,-$1.63,USD,1.1664
2025-12-10T11:26:43.998Z,GME:CFD,SELL - STOP,30,USD 21.53,USD 644.29,$258.36,$0,USD,1.1662
2025-12-10T11:26:43.998Z,,COMMISSION CHARGE,,USD 0,USD -1.61,,-$1.61,USD,1.1662
2025-12-10T11:30:23.413Z,SPY:CFD,BUY - MARKET,3,USD 682.60,USD 2052.92,$409.56,$0,USD,1.1661
2025-12-10T11:30:23.428Z,,COMMISSION CHARGE,,USD 0,USD -5.12,,-$5.12,USD,1.1661
2025-12-10T21:12:29.244Z,SPY:CFD,SELL - MARKET,3,USD 687.10,USD 2056.15,$412.26,$0,USD,1.1718
2025-12-10T21:12:29.263Z,,COMMISSION CHARGE,,USD 0,USD -5.15,,-$5.15,USD,1.1718
2025-12-11T11:40:43.151Z,SPY:CFD,BUY - MARKET,3,USD 683.96,USD 2057.01,$410.38,$0,USD,1.1739
2025-12-11T11:40:43.171Z,,COMMISSION CHARGE,,USD 0,USD -5.13,,-$5.13,USD,1.1739
2025-12-11T21:15:22.296Z,SPY:CFD,SELL - LIMIT,3,USD 690.64,USD 2066.74,$414.38,$0,USD,1.1769
2025-12-11T21:15:22.296Z,,COMMISSION CHARGE,,USD 0,USD -5.18,,-$5.18,USD,1.1769
2025-12-12T14:30:01.335Z,IRBT:CFD,BUY - LIMIT,100,USD 4.97,USD 498.24,$99.40,$0,USD,1.1759
2025-12-12T14:30:01.397Z,,COMMISSION CHARGE,,USD 0,USD -1.24,,-$1.24,USD,1.1759
2025-12-12T15:58:47.440Z,IRBT:CFD,SELL - STOP,100,USD 4.65,USD 463.84,$93,$0,USD,1.1764
2025-12-12T15:58:47.440Z,,COMMISSION CHARGE,,USD 0,USD -1.16,,-$1.16,USD,1.1764
2025-12-12T17:04:15.509Z,IRBT:CFD,SELL - MARKET,100,USD 4.35,USD 433.91,$87,$0,USD,1.1759
2025-12-12T17:04:15.521Z,,COMMISSION CHARGE,,USD 0,USD -1.09,,-$1.09,USD,1.1759
2025-12-12T22:00:58.732Z,,OVERNIGHT FEE,,USD 0,USD -3.30,,-$3.30,USD,1.1783
2025-12-15T14:48:09.064Z,IRBT:CFD,SELL - MARKET,100,USD 1.37,USD 136.66,$27.40,$0,USD,1.1785
2025-12-15T14:48:09.078Z,,COMMISSION CHARGE,,USD 0,USD -0.34,,-$0.34,USD,1.1785
2025-12-15T17:46:02.962Z,IRBT:CFD,BUY - MARKET,100,USD 1.19,USD 119.30,$23.80,$0,USD,1.1772
2025-12-15T17:46:02.984Z,,COMMISSION CHARGE,,USD 0,USD -0.30,,-$0.30,USD,1.1772
2025-12-15T17:46:08.866Z,IRBT:CFD,BUY - MARKET,100,USD 1.19,USD 119.30,$23.80,$0,USD,1.1772
2025-12-15T17:46:08.887Z,,COMMISSION CHARGE,,USD 0,USD -0.30,,-$0.30,USD,1.1772
2025-12-15T17:47:04.270Z,SPY:CFD,BUY - MARKET,2,USD 680.70,USD 1364.80,$272.28,$0,USD,1.1772
2025-12-15T17:47:04.319Z,,COMMISSION CHARGE,,USD 0,USD -3.40,,-$3.40,USD,1.1772
2025-12-15T22:01:06.669Z,,OVERNIGHT FEE,,USD 0,USD -0.25,,-$0.25,USD,1.1785
2025-12-16T15:37:46.590Z,SPY:CFD,SELL - MARKET,2,USD 677.51,USD 1351.63,$271,$0,USD,1.1803
2025-12-16T15:37:46.615Z,,COMMISSION CHARGE,,USD 0,USD -3.39,,-$3.39,USD,1.1803
2025-12-16T15:41:00.106Z,VIXY:CFD,BUY - MARKET,30,USD 29.01,USD 872.48,$304.60,$0,USD,1.1804
2025-12-16T15:41:00.125Z,,COMMISSION CHARGE,,USD 0,USD -2.18,,-$2.18,USD,1.1804
2025-12-16T22:00:59.709Z,,OVERNIGHT FEE,,USD 0,USD -0.16,,-$0.16,USD,1.1774
2025-12-17T22:01:04.757Z,,OVERNIGHT FEE,,USD 0,USD -0.16,,-$0.16,USD,1.1769
2025-12-18T13:30:01.967Z,VIXY:CFD,SELL - STOP,30,USD 28.51,USD 853.16,$299.36,$0,USD,1.1756
2025-12-18T13:30:01.967Z,,COMMISSION CHARGE,,USD 0,USD -2.14,,-$2.14,USD,1.1756
2025-12-18T13:35:20.425Z,SPY:CFD,BUY - MARKET,3,USD 675.69,USD 2032.14,$405.41,$0,USD,1.1766
2025-12-18T13:35:20.435Z,,COMMISSION CHARGE,,USD 0,USD -5.07,,-$5.07,USD,1.1766
2025-12-18T13:35:34.741Z,VIXY:CFD,SELL - MARKET,20,USD 28.38,USD 566.18,$198.66,$0,USD,1.1766
2025-12-18T13:35:34.752Z,,COMMISSION CHARGE,,USD 0,USD -1.42,,-$1.42,USD,1.1766
2025-12-18T17:09:31.632Z,SPY:CFD,SELL - STOP,3,USD 677.01,USD 2025.95,$406.21,$0,USD,1.1749
2025-12-18T17:09:31.632Z,,COMMISSION CHARGE,,USD 0,USD -5.08,,-$5.08,USD,1.1749
2025-12-18T20:25:02.014Z,VIXY:CFD,BUY - MARKET,20,USD 28.18,USD 565.01,$197.26,$0,USD,1.1751
2025-12-18T20:25:02.037Z,,COMMISSION CHARGE,,USD 0,USD -1.41,,-$1.41,USD,1.1751
2025-12-22T08:47:41.799Z,RKLB:CFD,SELL - MARKET,15,USD 74.06,USD 1108.12,$277.72,$0,USD,1.1763
2025-12-22T08:47:41.830Z,,COMMISSION CHARGE,,USD 0,USD -2.78,,-$2.78,USD,1.1763
2025-12-22T17:12:01.506Z,RKLB:CFD,BUY - STOP,15,USD 78,USD 1172.92,$292.50,$0,USD,1.1780
2025-12-22T17:12:01.506Z,,COMMISSION CHARGE,,USD 0,USD -2.93,,-$2.93,USD,1.1780
2025-12-23T06:16:03.396Z,RKLB:CFD,SELL - MARKET,15,USD 72.75,USD 1088.52,$272.81,$0,USD,1.1801
2025-12-23T06:16:03.407Z,,COMMISSION CHARGE,,USD 0,USD -2.73,,-$2.73,USD,1.1801
2025-12-23T14:31:04.758Z,RKLB:CFD,BUY - STOP,15,USD 76.10,USD 1144.35,$285.38,$0,USD,1.1799
2025-12-23T14:31:04.758Z,,COMMISSION CHARGE,,USD 0,USD -2.85,,-$2.85,USD,1.1799
2025-12-23T17:14:39.625Z,RKLB:CFD,SELL - MARKET,30,USD 77.50,USD 2319.19,$581.25,$0,USD,1.1800
2025-12-23T17:14:39.638Z,,COMMISSION CHARGE,,USD 0,USD -5.81,,-$5.81,USD,1.1800
2025-12-23T22:01:14.156Z,,OVERNIGHT FEE,,USD 0,USD 0.02,,$0.02,USD,1.1823
2025-12-24T22:01:21.578Z,,OVERNIGHT FEE,,USD 0,USD 0.02,,$0.02,USD,1.1805
2025-12-25T22:01:22.538Z,,OVERNIGHT FEE,,USD 0,USD 0.02,,$0.02,USD,1.1806
2025-12-26T22:01:22.735Z,,OVERNIGHT FEE,,USD 0,USD 0.05,,$0.05,USD,1.1810
2025-12-29T01:00:00.721Z,RKLB:CFD,BUY - STOP,30,USD 72,USD 2165.40,$540,$0,USD,1.1813
2025-12-29T01:00:00.721Z,,COMMISSION CHARGE,,USD 0,USD -5.40,,-$5.40,USD,1.1813
2025-12-29T14:54:24.081Z,RKLB:CFD,SELL - MARKET,30,USD 71.61,USD 2142.93,$537.08,$0,USD,1.1809
2025-12-29T14:54:24.093Z,,COMMISSION CHARGE,,USD 0,USD -5.37,,-$5.37,USD,1.1809
2025-12-29T22:01:07.755Z,,OVERNIGHT FEE,,USD 0,USD 0.02,,$0.02,USD,1.1803
2025-12-30T14:57:31.120Z,RKLB:CFD,BUY - MARKET,30,USD 73.82,USD 2220.14,$553.65,$0,USD,1.1789
2025-12-30T14:57:31.140Z,,COMMISSION CHARGE,,USD 0,USD -5.54,,-$5.54,USD,1.1789
2026-01-02T14:34:16.954Z,RKLB:CFD,SELL - MARKET,40,USD 68.11,USD 2717.59,$681.10,$0,USD,1.1752
2026-01-02T14:34:16.967Z,,COMMISSION CHARGE,,USD 0,USD -6.81,,-$6.81,USD,1.1752
2026-01-02T14:52:27.787Z,RKLB:CFD,BUY - MARKET,40,USD 71,USD 2847.10,$710,$0,USD,1.1753
2026-01-02T14:52:27.806Z,,COMMISSION CHARGE,,USD 0,USD -7.10,,-$7.10,USD,1.1753
2026-01-05T01:00:03.309Z,SPY:CFD,SELL - LIMIT,5,USD 683.17,USD 3407.31,$683.17,$0,USD,1.1735
2026-01-05T01:00:03.319Z,,COMMISSION CHARGE,,USD 0,USD -8.54,,-$8.54,USD,1.1735
2026-01-05T09:11:12.595Z,SPY:CFD,BUY - MARKET,5,USD 685.06,USD 3433.86,$685.06,$0,USD,1.1712
2026-01-05T09:11:12.629Z,,COMMISSION CHARGE,,USD 0,USD -8.56,,-$8.56,USD,1.1712
2026-01-20T07:47:58.507Z,RKLB:CFD,SELL - MARKET,25,USD 92.41,USD 2304.47,$577.56,$0,USD,1.1713
2026-01-20T07:47:58.568Z,,COMMISSION CHARGE,,USD 0,USD -5.78,,-$5.78,USD,1.1713
2026-01-20T20:56:16.009Z,RKLB:CFD,BUY - MARKET,25,USD 89.14,USD 2234.07,$557.12,$0,USD,1.1745
2026-01-20T20:56:16.035Z,,COMMISSION CHARGE,,USD 0,USD -5.57,,-$5.57,USD,1.1745
2026-01-22T20:25:38.273Z,VIXY:CFD,SELL - MARKET,40,USD 25.41,USD 1013.86,$355.74,$0,USD,1.1773
2026-01-22T20:25:38.287Z,,COMMISSION CHARGE,,USD 0,USD -2.54,,-$2.54,USD,1.1773
2026-01-22T22:01:05.768Z,,OVERNIGHT FEE,,USD 0,USD -0.02,,-$0.02,USD,1.1785
2026-01-23T22:01:05.734Z,,OVERNIGHT FEE,,USD 0,USD -0.03,,-$0.03,USD,1.1877
2026-01-26T22:00:54.572Z,,OVERNIGHT FEE,,USD 0,USD -0.02,,-$0.02,USD,1.1915
2026-01-27T05:34:41.201Z,VIXY:CFD,BUY - MARKET,40,USD 25.44,USD 1020.14,$356.16,$0,USD,1.1904
2026-01-27T05:34:41.231Z,,COMMISSION CHARGE,,USD 0,USD -2.54,,-$2.54,USD,1.1904
2026-02-02T03:31:01.738Z,VIXY:CFD,SELL - LIMIT,40,USD 28,USD 1117.20,$392,$0,USD,1.1902
2026-02-02T03:31:01.761Z,,COMMISSION CHARGE,,USD 0,USD -2.80,,-$2.80,USD,1.1902
2026-02-02T14:39:03.053Z,VIXY:CFD,BUY - MARKET,40,USD 25.99,USD 1042.20,$363.86,$0,USD,1.1849
2026-02-02T14:39:03.074Z,,COMMISSION CHARGE,,USD 0,USD -2.60,,-$2.60,USD,1.1849
2026-02-02T20:18:19.645Z,GME:CFD,BUY - MARKET,70,USD 25.71,USD 1804.20,$719.88,$0,USD,1.1810
2026-02-02T20:18:19.660Z,,COMMISSION CHARGE,,USD 0,USD -4.50,,-$4.50,USD,1.1810
2026-02-02T22:01:09.481Z,,OVERNIGHT FEE,,USD 0,USD -0.33,,-$0.33,USD,1.1821
2026-02-03T22:01:18.947Z,,OVERNIGHT FEE,,USD 0,USD -0.31,,-$0.31,USD,1.1848
2026-02-04T22:01:10.372Z,,OVERNIGHT FEE,,USD 0,USD -0.32,,-$0.32,USD,1.1836
2026-02-05T22:01:19.925Z,,OVERNIGHT FEE,,USD 0,USD -0.31,,-$0.31,USD,1.1806
2026-02-06T22:01:08.622Z,,OVERNIGHT FEE,,USD 0,USD -0.96,,-$0.96,USD,1.1858
2026-02-09T22:01:05.687Z,,OVERNIGHT FEE,,USD 0,USD -0.31,,-$0.31,USD,1.1942
2026-02-10T22:01:09.993Z,,OVERNIGHT FEE,,USD 0,USD -0.32,,-$0.32,USD,1.1926
2026-02-11T22:01:12.066Z,,OVERNIGHT FEE,,USD 0,USD -0.31,,-$0.31,USD,1.1902
2026-02-12T22:01:31.733Z,,OVERNIGHT FEE,,USD 0,USD -0.30,,-$0.30,USD,1.1902
2026-02-13T22:01:18.827Z,,OVERNIGHT FEE,,USD 0,USD -0.90,,-$0.90,USD,1.1912
2026-02-16T22:01:01.119Z,,OVERNIGHT FEE,,USD 0,USD -0.30,,-$0.30,USD,1.1879
2026-02-17T22:01:04.493Z,,OVERNIGHT FEE,,USD 0,USD -0.30,,-$0.30,USD,1.1883
2026-02-18T22:01:06.092Z,,OVERNIGHT FEE,,USD 0,USD -0.31,,-$0.31,USD,1.1814
2026-02-19T22:00:57.687Z,,OVERNIGHT FEE,,USD 0,USD -0.31,,-$0.31,USD,1.1802
2026-02-20T22:01:00.348Z,,OVERNIGHT FEE,,USD 0,USD -0.90,,-$0.90,USD,1.1831
2026-02-23T22:01:00.449Z,,OVERNIGHT FEE,,USD 0,USD -0.30,,-$0.30,USD,1.1820
2026-02-24T22:00:54.785Z,,OVERNIGHT FEE,,USD 0,USD -0.30,,-$0.30,USD,1.1803
2026-02-25T22:01:04.708Z,,OVERNIGHT FEE,,USD 0,USD -0.31,,-$0.31,USD,1.1839
2026-02-26T22:01:10.754Z,,OVERNIGHT FEE,,USD 0,USD -0.31,,-$0.31,USD,1.1827
2026-02-27T22:01:03.900Z,,OVERNIGHT FEE,,USD 0,USD -0.92,,-$0.92,USD,1.1855
2026-03-02T22:00:45.154Z,,OVERNIGHT FEE,,USD 0,USD -0.31,,-$0.31,USD,1.1715
2026-03-03T22:01:03.174Z,,OVERNIGHT FEE,,USD 0,USD -0.30,,-$0.30,USD,1.1646
2026-03-04T22:01:20.227Z,,OVERNIGHT FEE,,USD 0,USD -0.31,,-$0.31,USD,1.1663
2026-03-05T22:00:46.125Z,,OVERNIGHT FEE,,USD 0,USD -0.31,,-$0.31,USD,1.1637
2026-03-06T11:48:11.345890Z,,CASH TOP-UP,,,USD 100,,$0,USD,1.1594
2026-03-06T11:48:42.814Z,BRENT:CFD,BUY - MARKET,12,USD 89.27,USD 1071.20,$107.12,$0,USD,1.1594
2026-03-06T11:53:02.215Z,GME:CFD,SELL - MARKET,70,USD 23.82,USD 1663.23,$666.96,$0,USD,1.1590
2026-03-06T11:53:02.229Z,,COMMISSION CHARGE,,USD 0,USD -4.17,,-$4.17,USD,1.1590
2026-03-06T11:53:44.735Z,BRENT:CFD,BUY - MARKET,50,USD 89.64,USD 4481.75,$448.18,$0,USD,1.1592
2026-03-06T15:00:50.544Z,BRENT:CFD,SELL - LIMIT,50,USD 92,USD 4600,$460,$0,USD,1.1611
2026-03-06T15:33:20.634Z,BRENT:CFD,SELL - LIMIT,12,USD 95,USD 1140,$114,$0,USD,1.1607
2026-03-09T09:32:28.556Z,BRENT:CFD,BUY - LIMIT,20,USD 105,USD 2100,$210,$0,USD,1.1579
2026-03-09T09:33:44.647Z,BRENT:CFD,SELL - STOP,20,USD 100.04,USD 2000.80,$200.08,$0,USD,1.1589
2026-03-09T10:57:25.819Z,BRENT:CFD,BUY - LIMIT,20,USD 103,USD 2060,$206,$0,USD,1.1588
2026-03-09T13:56:19.391Z,BRENT:CFD,SELL - STOP,20,USD 98.10,USD 1962,$196.20,$0,USD,1.1598
2026-03-09T20:07:19.710Z,BRENT:CFD,BUY - MARKET,20,USD 92.52,USD 1850.38,$185.04,$0,USD,1.1640
2026-03-09T20:15:10.865Z,BRENT:CFD,SELL - STOP,20,USD 89.95,USD 1799.04,$179.90,$0,USD,1.1641
2026-03-10T10:53:25.775Z,BRENT:CFD,SELL - MARKET,20,USD 92.12,USD 1842.36,$184.24,$0,USD,1.1658
2026-03-10T10:53:53.427Z,BRENT:CFD,BUY - LIMIT,20,USD 90.26,USD 1805.20,$180.52,$0,USD,1.1659
2026-03-10T10:55:21.501Z,VIXY:CFD,SELL - MARKET,40,USD 31.27,USD 1247.67,$437.78,$0,USD,1.1660
2026-03-10T10:55:21.511Z,,COMMISSION CHARGE,,USD 0,USD -3.13,,-$3.13,USD,1.1660
2026-03-10T10:55:49.642Z,VIXY:CFD,BUY - LIMIT,40,USD 30.35,USD 1217.04,$424.90,$0,USD,1.1663
2026-03-10T14:41:37.221Z,,COMMISSION CHARGE,,USD 0,USD -3.04,,-$3.04,USD,1.1671
2026-03-10T15:51:00.275Z,VIXY:CFD,SELL - MARKET,40,USD 30.06,USD 1199.39,$420.84,$0,USD,1.1675
2026-03-10T15:51:00.275Z,VIXY:CFD,BUY - STOP,40,USD 31.46,USD 1261.55,$440.44,$0,USD,1.1675
2026-03-10T15:51:00.290Z,,COMMISSION CHARGE,,USD 0,USD -3.01,,-$3.01,USD,1.1675
2026-03-10T18:17:07.996Z,,COMMISSION CHARGE,,USD 0,USD -3.15,,-$3.15,USD,1.1646
2026-03-10T19:28:07.827Z,BRENT:CFD,BUY - MARKET,50,USD 91.14,USD 4556.95,$455.70,$0,USD,1.1644
2026-03-10T19:28:29.910Z,BRENT:CFD,SELL - LIMIT,50,USD 93.16,USD 4658,$465.80,$0,USD,1.1644
2026-03-10T23:50:33.095Z,,OVERNIGHT FEE,,USD 0,USD 0.56,,$0.56,USD,1.1637
2026-03-11T15:50:22.011Z,BRENT:CFD,SELL - MARKET,20,USD 92.20,USD 1844,$184.40,$0,USD,1.1594
2026-03-11T16:10:54.967Z,BRENT:CFD,BUY - MARKET,20,USD 93.33,USD 1866.60,$186.66,$0,USD,1.1592
2026-03-11T21:03:39.218Z,BRENT:CFD,BUY - MARKET,30,USD 93.41,USD 2802.30,$280.23,$0,USD,1.1593
2026-03-11T21:04:47.252Z,BRENT:CFD,BUY - MARKET,30,USD 93.41,USD 2802.33,$280.23,$0,USD,1.1593
2026-03-12T06:42:54.932Z,BRENT:CFD,SELL - MARKET,30,USD 98.66,USD 2959.71,$295.97,$0,USD,1.1574
2026-03-12T06:43:01.608Z,BRENT:CFD,SELL - MARKET,30,USD 98.65,USD 2959.56,$295.96,$0,USD,1.1574
2026-03-12T07:31:05.982Z,BRENT:CFD,SELL - MARKET,20,USD 96.72,USD 1934.48,$193.45,$0,USD,1.1576
2026-03-12T07:45:23.938Z,BRENT:CFD,BUY - STOP,20,USD 96.82,USD 1936.38,$193.64,$0,USD,1.1574
2026-03-12T08:19:20.351Z,BRENT:CFD,BUY - MARKET,30,USD 97.41,USD 2922.21,$292.22,$0,USD,1.1581
2026-03-12T12:20:48.357Z,BRENT:CFD,SELL - STOP,30,USD 99,USD 2969.97,$297,$0,USD,1.1566
2026-03-12T14:56:41.782Z,BRENT:CFD,BUY - MARKET,10,USD 100.91,USD 1009.06,$100.91,$0,USD,1.1550
2026-03-12T16:06:22.097Z,BRENT:CFD,BUY - MARKET,10,USD 99.56,USD 995.61,$99.56,$0,USD,1.1547
2026-03-12T21:01:03.461Z,,OVERNIGHT FEE,,USD 0,USD 0.26,,$0.26,USD,1.1540
2026-03-13T07:29:21.019Z,BRENT:CFD,SELL - STOP,10,USD 99.52,USD 995.23,$99.52,$0,USD,1.1499
2026-03-13T07:29:36.122Z,BRENT:CFD,SELL - STOP,10,USD 100,USD 1000,$100,$0,USD,1.1499
2026-03-13T13:30:07.931Z,BRENT:CFD,BUY - MARKET,10,USD 99.32,USD 993.20,$99.32,$0,USD,1.1505
2026-03-13T21:00:51.867Z,,OVERNIGHT FEE,,USD 0,USD 0.39,,$0.39,USD,1.1453
2026-03-16T05:57:45.557Z,BRENT:CFD,SELL - MARKET,10,USD 104.32,USD 1043.25,$104.32,$0,USD,1.1461
2026-03-16T07:23:30.105Z,BRENT:CFD,BUY - LIMIT,10,USD 104,USD 1040,$104,$0,USD,1.1456
2026-03-16T11:26:35.351Z,BRENT:CFD,BUY - MARKET,10,USD 103.92,USD 1039.24,$103.92,$0,USD,1.1503
2026-03-16T11:34:19.229Z,BRENT:CFD,BUY - LIMIT,10,USD 102,USD 1020,$102,$0,USD,1.1499
2026-03-16T20:29:45.662Z,BRENT:CFD,SELL - MARKET,10,USD 100.68,USD 1006.83,$100.68,$0,USD,1.1531
2026-03-16T20:29:50.413Z,BRENT:CFD,SELL - MARKET,10,USD 100.67,USD 1006.71,$100.67,$0,USD,1.1532
2026-03-16T20:29:56.692Z,BRENT:CFD,SELL - MARKET,10,USD 100.67,USD 1006.66,$100.67,$0,USD,1.1532
2026-03-17T20:52:13.803Z,BRENT:CFD,BUY - MARKET,20,USD 103.92,USD 2078.44,$207.84,$0,USD,1.1564
2026-03-17T21:00:59.321Z,,OVERNIGHT FEE,,USD 0,USD 0.26,,$0.26,USD,1.1568
2026-03-18T21:00:57.543Z,,OVERNIGHT FEE,,USD 0,USD 0.27,,$0.27,USD,1.1480
2026-03-18T21:54:20.557Z,BRENT:CFD,BUY - LIMIT,20,USD 101,USD 2020,$202,$0,USD,1.1492
2026-03-19T21:01:00.684Z,,OVERNIGHT FEE,,USD 0,USD 0.27,,$0.27,USD,1.1617
2026-03-20T21:00:38.322Z,,OVERNIGHT FEE,,USD 0,USD 0.83,,$0.83,USD,1.1607
2026-03-23T14:17:03.921Z,BRENT:CFD,BUY - MARKET,20,USD 101.16,USD 2023.30,$202.33,$0,USD,1.1630
2026-03-23T15:21:25.427Z,BRENT:CFD,BUY - MARKET,20,USD 98.71,USD 1974.20,$197.42,$0,USD,1.1637
2026-03-23T21:00:51.433Z,,OVERNIGHT FEE,,USD 0,USD 1,,$1,USD,1.1642
2026-03-24T21:01:02.176Z,,OVERNIGHT FEE,,USD 0,USD 7.60,,$7.60,USD,1.1637
2026-03-25T21:00:57.713Z,,OVERNIGHT FEE,,USD 0,USD 7.76,,$7.76,USD,1.1587
2026-03-26T21:00:40.266Z,,OVERNIGHT FEE,,USD 0,USD 8,,$8,USD,1.1557
2026-03-27T21:00:59.364Z,,OVERNIGHT FEE,,USD 0,USD 25.28,,$25.28,USD,1.1555
2026-03-30T07:15:58.410Z,AAL:CFD,SELL - MARKET,50,USD 10.32,USD 514.71,$103.20,$0,USD,1.1531
2026-03-30T07:15:58.418Z,,COMMISSION CHARGE,,USD 0,USD -1.29,,-$1.29,USD,1.1531
2026-03-30T13:34:31.532Z,AAL:CFD,SELL - MARKET,50,USD 10.33,USD 515.21,$103.30,$0,USD,1.1503
2026-03-30T13:34:31.541Z,,COMMISSION CHARGE,,USD 0,USD -1.29,,-$1.29,USD,1.1503
2026-03-30T19:45:04.059Z,AAL:CFD,BUY - MARKET,50,USD 10.14,USD 508.27,$101.40,$0,USD,1.1485
2026-03-30T19:45:04.070Z,,COMMISSION CHARGE,,USD 0,USD -1.27,,-$1.27,USD,1.1485
2026-03-30T19:45:10.263Z,AAL:CFD,BUY - MARKET,50,USD 10.14,USD 508.27,$101.40,$0,USD,1.1485
2026-03-30T19:45:10.274Z,,COMMISSION CHARGE,,USD 0,USD -1.27,,-$1.27,USD,1.1485
2026-03-30T21:00:59.877Z,,OVERNIGHT FEE,,USD 0,USD 8.56,,$8.56,USD,1.1496
2026-03-31T13:53:28.311Z,BRENT:CFD,SELL - MARKET,20,USD 110.05,USD 2200.92,$220.09,$0,USD,1.1552
2026-03-31T13:53:35.037Z,BRENT:CFD,SELL - MARKET,20,USD 110.13,USD 2202.58,$220.26,$0,USD,1.1553
2026-03-31T13:53:40.781Z,BRENT:CFD,SELL - MARKET,20,USD 110.13,USD 2202.68,$220.27,$0,USD,1.1553
2026-03-31T13:53:46.557Z,BRENT:CFD,SELL - MARKET,20,USD 110.09,USD 2201.84,$220.18,$0,USD,1.1553
2026-03-31T13:55:01.890Z,BRENT:CFD,SELL - MARKET,10,USD 110.11,USD 1101.13,$110.11,$0,USD,1.1557
2026-03-31T17:31:01.175Z,BRENT:CFD,BUY - MARKET,10,USD 107.73,USD 1077.32,$107.73,$0,USD,1.1574
2026-03-31T17:40:50.653Z,BRENT:CFD,BUY - MARKET,20,USD 108.27,USD 2165.38,$216.54,$0,USD,1.1577
2026-03-31T18:30:34.595Z,BRENT:CFD,SELL - MARKET,20,USD 107.25,USD 2144.96,$214.50,$0,USD,1.1573
2026-04-02T17:38:36.214Z,BRENT:CFD,BUY - MARKET,20,USD 111.57,USD 2231.32,$223.13,$0,USD,1.1568
2026-04-02T17:40:58.647Z,RKLB:CFD,SELL - MARKET,20,USD 65.96,USD 1315.90,$329.80,$0,USD,1.1569
2026-04-02T17:40:58.656Z,,COMMISSION CHARGE,,USD 0,USD -3.30,,-$3.30,USD,1.1569
2026-04-02T19:49:45.256Z,RKLB:CFD,BUY - STOP,20,USD 67.09,USD 1345.15,$335.45,$0,USD,1.1562
2026-04-02T19:50:32.642Z,,COMMISSION CHARGE,,USD 0,USD -3.35,,-$3.35,USD,1.1563
2026-04-02T21:01:07.008Z,,OVERNIGHT FEE,,USD 0,USD 2.14,,$2.14,USD,1.1567
2026-04-03T21:00:56.448Z,,OVERNIGHT FEE,,USD 0,USD 6.42,,$6.42,USD,1.1559
2026-04-06T21:00:42.905Z,,OVERNIGHT FEE,,USD 0,USD 2.14,,$2.14,USD,1.1573
2026-04-07T12:36:42.861Z,BRENT:CFD,BUY - MARKET,20,USD 113.21,USD 2264.16,$226.42,$0,USD,1.1589
2026-04-07T12:40:02.866Z,BRENT:CFD,BUY - LIMIT,20,USD 111,USD 2220,$222,$0,USD,1.1591
2026-04-07T21:00:57.051Z,,OVERNIGHT FEE,,USD 0,USD 6.18,,$6.18,USD,1.1626
2026-04-08T01:39:13.645Z,BRENT:CFD,SELL - MARKET,20,USD 97.05,USD 1941.02,$194.10,$0,USD,1.1711
2026-04-08T01:39:19.861Z,BRENT:CFD,SELL - MARKET,20,USD 97.06,USD 1941.12,$194.11,$0,USD,1.1710
2026-04-08T01:39:26.475Z,BRENT:CFD,SELL - MARKET,20,USD 97.04,USD 1940.72,$194.07,$0,USD,1.1710
2026-04-08T08:25:14.901Z,BRENT:CFD,BUY - LIMIT,20,USD 95,USD 1900,$190,$0,USD,1.1715
2026-04-08T14:50:13.839Z,BRENT:CFD,BUY - MARKET,20,USD 96.70,USD 1934.04,$193.40,$0,USD,1.1725
2026-04-08T15:08:04.874Z,BRENT:CFD,BUY - MARKET,20,USD 97.18,USD 1943.66,$194.37,$0,USD,1.1715
2026-04-08T15:08:39.412Z,BRENT:CFD,SELL - STOP,20,USD 96.70,USD 1934,$193.40,$0,USD,1.1715
2026-04-08T15:10:29.793Z,VIXY:CFD,BUY - MARKET,20,USD 31.42,USD 629.97,$219.94,$0,USD,1.1713
2026-04-08T15:10:29.803Z,,COMMISSION CHARGE,,USD 0,USD -1.57,,-$1.57,USD,1.1713
2026-04-08T21:00:42.540Z,,OVERNIGHT FEE,,USD 0,USD 3.63,,$3.63,USD,1.1694
2026-04-09T16:22:34.404Z,BRENT:CFD,SELL - MARKET,20,USD 97.46,USD 1949.28,$194.93,$0,USD,1.1739
2026-04-09T16:22:43.852Z,BRENT:CFD,SELL - MARKET,20,USD 97.51,USD 1950.20,$195.02,$0,USD,1.1738
2026-04-09T16:22:48.784Z,VIXY:CFD,SELL - MARKET,20,USD 29.61,USD 590.72,$207.27,$0,USD,1.1738
2026-04-09T16:22:48.797Z,,COMMISSION CHARGE,,USD 0,USD -1.48,,-$1.48,USD,1.1738
